,index,licence_numbers,business_name,name_of_license,premise_address,lat,long,isLatLongAvailable
0,0,B02008E000,SHENG SIONG SUPERMARKET,SHENG SIONG SUPERMARKET PTE LTD,"845 YISHUN STREET 81 #01-184, S(760845)",1.41599814748468,103.835053564214,True
1,1,B02011P000,GIANT,COLD STORAGE SINGAPORE (1983) PTE LTD,"524A JELAPANG ROAD #03-13/18, GREENRIDGE SHOPPING CENTRE S(671524)",1.38540569310644,103.766228468185,True
2,2,B02012N000,COLD STORAGE,COLD STORAGE SINGAPORE (1983) PTE LTD,"768 WOODLANDS AVENUE 6 #01-34, WOODLANDS MART S(730768)",1.44564787003157,103.798162285805,True
3,3,B02015J000,SHENG SIONG SUPERMARKET,SHENG SIONG SUPERMARKET PTE LTD,"122 ANG MO KIO AVENUE 3 #01-1753,#01-1757,#01-1755, S(560122)",1.37018860668947,103.843413231524,True
4,4,B02017C000,SHENG SIONG SUPERMARKET,SHENG SIONG SUPERMARKET PTE LTD,"301 WOODLANDS STREET 31 #01-217, S(730301)",1.4315052703273,103.773515659097,True
5,5,B02020N000,FAIRPRICE,NTUC FAIRPRICE CO-OPERATIVE LTD,"1 JELEBU ROAD #02-20,#01-15, BUKIT PANJANG PLAZA S(677743)",1.37988291404114,103.764377765935,True
6,6,B02021L000,FAIRPRICE,NTUC FAIRPRICE CO-OPERATIVE LTD,"30 SEMBAWANG DRIVE #B1-01-03, SUN PLAZA S(757713)",1.44819436804175,103.819464386349,True
7,7,B02022K000,FAIRPRICE,NTUC FAIRPRICE CO-OPERATIVE LTD,"71 WOODLANDS AVENUE 3 #01-01, MARSILING MRT STATION S(739044)",1.43262603485889,103.774051197031,True
8,8,B02024E000,FAIRPRICE,NTUC FAIRPRICE CO-OPERATIVE LTD,"888 WOODLANDS DRIVE 50 #01-757, 888 PLAZA S(730888)",1.43711856085535,103.795316064775,True
9,9,B02025C000,fairprice,NTUC FAIRPRICE CO-OPERATIVE LTD,"414 YISHUN RING ROAD #01-1853, S(760414)",1.42452849112151,103.84659554729,True
10,10,B02026B000,COLD STORAGE,COLD STORAGE SINGAPORE (1983) PTE LTD,"445 FAJAR ROAD #01-536, S(670445)",1.383601112147,103.77094013941,True
11,11,B02032E000,GIANT,COLD STORAGE SINGAPORE (1983) PTE LTD,"161 ANG MO KIO AVENUE 4 #01-504, S(560161)",1.37423951664303,103.839489194974,True
12,12,B02034B000,FAIRPRICE,NTUC FAIRPRICE CO-OPERATIVE LTD,"30 WOODLANDS AVENUE 1, WOODGROVE S(739065)",1.42933633490182,103.781337285958,True
13,13,B02035A000,GIANT,COLD STORAGE SINGAPORE (1983) PTE LTD,"548 WOODLANDS DRIVE 44 #01-37/38, VISTA POINT S(730548)",1.4308011390122,103.794104795966,True
14,14,B02037X000,GIANT,COLD STORAGE SINGAPORE (1983) PTE LTD,"883 WOODLANDS STREET 82 #01-498, WOODLANDS NORTH PLAZA S(730883)",1.44285548185504,103.790965090129,True
15,15,B02038P000,SHENG SIONG SUPERMARKET,SHENG SIONG SUPERMARKET PTE LTD,"925 YISHUN CENTRAL 1 #01-211, S(760925)",1.42750549654333,103.837125284539,True
16,16,B02039N000,COLD STORAGE,COLD STORAGE SINGAPORE (1983) PTE LTD,"293 YISHUN STREET 22 #01-261, S(760293)",1.43591598491658,103.837858420722,True
17,17,B02041C000,hwa soon heng mini supermarket,Tan Kwee Eng,"327 YISHUN RING ROAD #01-1320, S(760327)",1.43007109914643,103.842396446526,True
18,18,B02060V000,COLD STORAGE,COLD STORAGE SINGAPORE (1983) PTE LTD,"256 BANGKIT ROAD #01-69, S(670256)",1.37904775889844,103.773004042544,True
19,19,B02093B000,FAIRPRICE,NTUC FAIRPRICE CO-OPERATIVE LTD,"301 YISHUN AVENUE 2 #01-02, YISHUN MRT STATION S(769093)",1.4295887655538,103.835050382253,True
20,20,B02099L000,FAIRPRICE,NTUC FAIRPRICE CO-OPERATIVE LTD,"849 YISHUN RING ROAD #01-3703, S(760849)",1.41697224217054,103.835293763997,True
21,21,B03074A000,The butcher,THE BUTCHER (SINGAPORE) PTE. LTD.,"44 JALAN MERAH SAGA #01-50, S(278116)",1.31192195425084,103.796844037126,True
22,22,B03078N000,Fish market,ROSWELL ENTERPRISE PTE. LTD.,"34 GREENWOOD AVENUE, S(289236)",1.33183246511303,103.806492461663,True
23,23,B03099C000,FAIRPRICE,NTUC FAIRPRICE CO-OPERATIVE LTD,"628 SENJA ROAD #01-01, S(670628)",1.38509602471476,103.760218434373,True
24,24,B85098V000,HAO MART,HAO MART PTE. LTD.,"239 YISHUN RING ROAD #01-1150, S(760239)",1.43364273451288,103.839634571008,True
25,25,B92077A000,COLD STORAGE,COLD STORAGE SINGAPORE (1983) PTE LTD,"418 YISHUN AVENUE 11 #01-433, S(760418)",1.4248993192219,103.847249789758,True
26,26,B98014C000,FAIRPRICE,NTUC FAIRPRICE CO-OPERATIVE LTD,"215 ANG MO KIO AVENUE 1 #01-877, S(560215)",1.36650736048431,103.841792357962,True
27,27,B99041L000,FAIRPRICE,NTUC FAIRPRICE CO-OPERATIVE LTD,"1 ORCHID CLUB ROAD #01-34, ORCHID COUNTRY CLUB S(769162)",1.41145912864712,103.845130941112,True
28,28,C02024A000,COLD STORAGE,COLD STORAGE SINGAPORE (1983) PTE LTD,"1 FIFTH AVENUE #01-05, GUTHRIE HOUSE S(268802)",1.33077492770988,103.795713392342,True
29,29,C02025V000,COLD STORAGE,COLD STORAGE SINGAPORE (1983) PTE LTD,"293 HOLLAND ROAD, COLD STORAGE JELITA S(278628)",1.31754555939886,103.785850542515,True
30,30,C02026X000,GIANT,COLD STORAGE SINGAPORE (1983) PTE LTD,"2 JURONG EAST STREET 21 #01-100, IMM BUILDING S(609601)",1.33491758755437,103.746877132868,True
31,31,C02032A000,LOTUS GROCERY,LOTUS GROCERY,"15 ENG KONG TERRACE, ENG KONG PARK S(598987)",1.33638188559532,103.768386558311,True
32,32,C02033V000,SHENG SIONG SUPERMARKET,SHENG SIONG SUPERMARKET PTE LTD,"154A BUKIT BATOK WEST AVENUE 8 #01-01, S(651154)",1.34738825473828,103.743704684376,True
33,33,C02034X000,fairprice,NTUC FAIRPRICE CO-OPERATIVE LTD,"587 BUKIT TIMAH ROAD, CORONATION PLAZA S(269707)",1.32383369976841,103.810002032513,True
34,34,C02035P000,FAIRPRICE,NTUC FAIRPRICE CO-OPERATIVE LTD,"451 CLEMENTI AVENUE 3 #01-307, S(120451)",1.31274380194655,103.76584669599,True
35,35,C02036N000,FAIRPRICE FINEST,NTUC FAIRPRICE CO-OPERATIVE LTD,"1 JALAN ANAK BUKIT #B2-01,#B1-01, BUKIT TIMAH PLAZA S(588996)",1.3386316527745,103.778585430975,True
36,36,C02037L000,FAIRPRICE,NTUC FAIRPRICE CO-OPERATIVE LTD,"135 JURONG EAST STREET 13 #01-337, S(600135)",1.33385165809403,103.739826358818,True
37,37,C02038K000,FAIRPRICE,NTUC FAIRPRICE CO-OPERATIVE LTD,"1 JURONG WEST CENTRAL 2 #B1-09, JURONG POINT S(648886)",1.33973886612177,103.706789553588,True
38,38,C02040A000,FAIRPRICE,NTUC FAIRPRICE CO-OPERATIVE LTD,"63/66 YUNG KUANG ROAD, #01-119/02-119 S(610063) #01-119/02-119",1.33205938554958,103.722452881172,True
39,39,C02041V000,FAIRPRICE,NTUC FAIRPRICE CO-OPERATIVE LTD,"399 YUNG SHENG ROAD, #01-43A & 01-35 S(610399) #01-43A & 01-35",1.33484487471259,103.720462024278,True
40,40,C02046K000,COLD STORAGE,COLD STORAGE SINGAPORE (1983) PTE LTD,"1 BUKIT BATOK CENTRAL LINK #B1-01, WEST MALL S(658713)",1.35029683568301,103.749064191572,True
41,41,C02047J000,U Stars Supermarket,U STARS SUPERMARKET PTE. LTD.,"345 CLEMENTI AVENUE 5 #01-78, S(120345)",1.31770281154049,103.769076731999,True
42,42,C02048E000,COLD STORAGE,COLD STORAGE SINGAPORE (1983) PTE LTD,"144 UPPER BUKIT TIMAH ROAD #B1-01, BEAUTY WORLD CENTRE S(588177)",1.34239284478687,103.77625052784,True
43,43,C02050X000,SHENG SIONG SUPERMARKET,SHENG SIONG SUPERMARKET PTE LTD,"3 YUAN CHING ROAD #01-, #01-01A/02 S(618642) #01-01A/02",1.325468074943,103.725221538081,True
44,44,C02052N000,ridgewood gourmet,Yeo Keng Guan,"5 RIDGEWOOD CLOSE, RIDGEWOOD CONDOMINIUM S(276696)",1.3166189803866,103.77894725541,True
45,45,C02053L000,FAIRPRICE,NTUC FAIRPRICE CO-OPERATIVE LTD,"166 BUKIT BATOK WEST AVENUE 8, #01-256/258 S(650166) #01-256/258",1.34716236191294,103.742807879476,True
46,46,C02080E000,SHENG SIONG SUPERMARKET,SHENG SIONG SUPERMARKET PTE LTD,"61 TEBAN GARDENS ROAD #01-21, S(600061)",1.32213636287766,103.738292803395,True
47,47,C02104B000,FAIRPRICE,NTUC FAIRPRICE CO-OPERATIVE LTD,"10 BUKIT BATOK CENTRAL #01-08, S(659958)",1.34903534800639,103.749526027989,True
48,48,C03010C000,COLD STORAGE,COLD STORAGE SINGAPORE (1983) PTE LTD,"1 MARITIME SQUARE, HARBOURFRONT CENTRE S(099253) #01-47/48/49/50",1.26408889294438,103.820208766742,True
49,49,C79031J000,GIANT,COLD STORAGE SINGAPORE (1983) PTE LTD,"21 GHIM MOH ROAD #01-177, S(270021)",1.3100811823695,103.788532893714,True
50,50,C85274C000,FAIRPRICE,NTUC FAIRPRICE CO-OPERATIVE LTD,"345 JURONG EAST STREET 31 #01-29, S(600345)",1.34551210586752,103.73121914575,True
51,51,C99107C000,The Seafood Market Place by Song Fish,SONG FISH DEALER PTE LTD,"1 JURONG WEST CENTRAL 2 #B1-26, JURONG POINT SHOPPING CENTRE S(648886)",1.33973886612177,103.706789553588,True
52,52,CE04086K000,FAIRPRICE,NTUC FAIRPRICE CO-OPERATIVE LTD,"57 DAWSON ROAD #01-01, DAWSON PLACE S(142057)",1.29270252655148,103.810971835645,True
53,53,CE04334P000,SHENG SIONG SUPERMARKET,SHENG SIONG SUPERMARKET PTE LTD,"233 ANG MO KIO AVENUE 3 #01-1168, S(560233)",1.36754924977907,103.836740628478,True
54,54,CE04558K000,SHENG SIONG SUPERMARKET,SHENG SIONG SUPERMARKET PTE LTD,"108 MCNAIR ROAD #01-295, S(321108)",1.3216190383169,103.859382719506,True
55,55,CE04561V000,-,SHENG SIONG SUPERMARKET PTE LTD,"19 SERANGOON NORTH AVENUE 5 #01-01/02, S(554913)",1.37565367290166,103.872012103115,True
56,56,CE05039P000,COLD STORAGE,COLD STORAGE SINGAPORE (1983) PTE LTD,"201 YISHUN AVENUE 2 #01-03, KHATIB MRT STATION S(769092)",1.41738337009565,103.832979908515,True
57,57,CE05096V000,GIANT,COLD STORAGE SINGAPORE (1983) PTE LTD,"316B ANG MO KIO STREET 31 #01-11, MULTI STOREY CAR PARK S(563316)",1.36462540270464,103.847677034369,True
58,58,CE05295K000,FairPrice,NTUC FAIRPRICE CO-OPERATIVE LTD,"71 KALLANG BAHRU #02-531, S(330071)",1.32091158742368,103.870389993875,True
59,59,CE05380X000,LITTLE FARMS,LITTLE FARMS PTE. LTD.,"491 RIVER VALLEY ROAD #01-20,#01-20K,#01-24,#01-25, S(248371)",1.29310515375527,103.827075933061,True
60,60,CE05487V000,FAIRPRICE,NTUC FAIRPRICE CO-OPERATIVE LTD,"1 JALAN BUKIT MERAH #01-4500, S(150001)",1.28644157642074,103.808286977232,True
61,61,CE06044N000,FAIRPRICE,NTUC FAIRPRICE CO-OPERATIVE LTD,"491 RIVER VALLEY ROAD #01-14, VALLEY POINT S(248371)",1.29310515375527,103.827075933061,True
62,62,CE06464C000,COLD STORAGE,COLD STORAGE SINGAPORE (1983) PTE LTD,"501 BUKIT TIMAH ROAD #01-02, CLUNY COURT S(259760)",1.32257316934913,103.814245542255,True
63,63,CE06L48L000,FAIRPRICE,NTUC FAIRPRICE CO-OPERATIVE LTD,"10 SINARAN DRIVE #04-47/48, SQUARE 2 S(307506)",1.32044103104797,103.844192628979,True
64,64,CE06M36N000,FAIRPRICE XTRA,NTUC FAIRPRICE CO-OPERATIVE LTD,"53 ANG MO KIO AVENUE 3 #B2-40, S(569933)",1.36925511350953,103.848464053097,True
65,65,CE07320C000,FAIRPRICE,NTUC FAIRPRICE CO-OPERATIVE LTD,"43 CAMBRIDGE ROAD #01-15, S(210043)",1.3153159513727,103.849454198086,True
66,66,CE07705A000,FPXpress,CHEERS HOLDINGS (2004) PTE. LTD.,"30 GREENWOOD AVENUE, HILLCREST PARK S(289230)",1.33176092057825,103.806586709072,True
67,67,CE07783P000,SHENG SIONG SUPERMARKET,SHENG SIONG SUPERMARKET PTE LTD,"88 TANGLIN HALT ROAD #01-10, MULTI STOREY CAR PARK S(141088)",1.30186472795448,103.798174301014,True
68,68,CE07D83B000,FairPrice,NTUC FAIRPRICE CO-OPERATIVE LTD,"5 UPPER BOON KENG ROAD #01-05, MULTI STOREY CAR PARK S(380005)",1.31265449628072,103.872541798735,True
69,69,CE08015J000,FAIRPRICE,NTUC FAIRPRICE CO-OPERATIVE LTD,"18/20 KIM TIAN ROAD, KAI FOOK MANSION S(169252)",1.2848073380459,103.829298010559,True
70,70,CE08808B000,swiss butchery,SWISS BUTCHERY PTE LTD,"56 TANGLIN ROAD #01-02, S(247964)",1.30561167112637,103.822962948283,True
71,71,CE08H32N000,FAIRPRICE,NTUC FAIRPRICE CO-OPERATIVE LTD,"80 LORONG LIMAU #01-191, S(320080)",1.32372053147273,103.855749473454,True
72,72,CE09512V000,GIANT,COLD STORAGE SINGAPORE (1983) PTE LTD,"512 BISHAN STREET 13 #01-524, S(570512)",1.3496223524908,103.849881699197,True
73,73,CE09685B000,COLD STORAGE,COLD STORAGE SINGAPORE (1983) PTE LTD,"20 GREENWOOD AVENUE, HILLCREST PARK S(289215)",1.33149129253859,103.806809027748,True
74,74,CE09744N000,-,yeo hock heng,"5 ALJUNIED ROAD, S(389797)",1.31357604994103,103.881877795334,True
75,75,CE09874X000,MINI MART,AL MARCHE PTE. LTD.,"2 MARINA BOULEVARD #B1-05, SAIL @ MARINA BAY, THE S(018987)",1.28076943476846,103.852658562152,True
76,76,CE09902A000,-,NG LIAN TEE,"7 GREENDALE AVENUE, GREENDALE COURT S(289504)",1.33166476661284,103.807033788637,True
77,77,CE09H10X000,FAIRPRICE,NTUC FAIRPRICE CO-OPERATIVE LTD,"180 KITCHENER ROAD #B1-09/10, CITY SQUARE MALL S(208539)",1.31139349427341,103.856487111691,True
78,78,CE10085L000,PRB TRADING,PRB TRADING PTE. LTD.,"230 GEYLANG ROAD, #B1-01 & #01-01 S(389290)",1.31208817725995,103.877388748956,True
79,79,CE10637N000,FAMILY NEEDS,FAMILY NEEDS PTE. LTD.,"64 RANGOON ROAD, R66 APARTMENTS S(218354)",1.31391051715464,103.854392537736,True
80,80,CE10B87J000,COLD STORAGE,COLD STORAGE SINGAPORE (1983) PTE LTD,"383 BUKIT TIMAH ROAD #01-09A, ALOCASSIA APARTMENTS S(259727)",1.31943645952176,103.827347301883,True
81,81,CE10I13B000,FOODIE MARKET PLACE,FOODIE MARKET PLACE PTE. LTD.,"225 OUTRAM ROAD, S(169038)",1.2834507756763,103.835371238027,True
82,82,CE11B47P000,HAO MART,HAO MART PTE. LTD.,"32 LORONG 11 GEYLANG, S(388724)",1.31346903148114,103.877004748853,True
83,83,CE11C49E000,GIANT,COLD STORAGE SINGAPORE (1983) PTE LTD,"26 JALAN MEMBINA #01-07, S(161026)",1.28263437649669,103.825595753657,True
84,84,CE11F41C000,FAIRPRICE SHOP,NTUC FAIRPRICE CO-OPERATIVE LTD,"150 SILAT AVENUE #01-44, S(160150)",1.27707706879078,103.831425856916,True
85,85,CE11H82X000,KOSHER SHOP,"Jewish Welfare Board, Singapore, The","24 WATERLOO STREET #02-01, JEWISH SYNAGOGUE S(187950)",1.29824645365032,103.850683146693,True
86,86,CE11M39P000,FAIRPRICE,NTUC FAIRPRICE CO-OPERATIVE LTD,"6 SCOTTS ROAD, SCOTTS SQUARE S(228209) #B1-03/07 & #B1-10",1.30580609670053,103.833059609864,True
87,87,CE11N90C000,FAIRPRICE,NTUC FAIRPRICE CO-OPERATIVE LTD,"712 ANG MO KIO AVENUE 6 #01-4056, S(560712)",1.37140921089454,103.847082876036,True
88,88,CE11P32L000,COLD STORAGE,COLD STORAGE SINGAPORE (1983) PTE LTD,"1 SELETAR ROAD #01-11, GREENWICH, THE S(807011)",1.38736769500018,103.869348049282,True
89,89,CE12096L000,SHENG SIONG SUPERMARKET,SHENG SIONG SUPERMARKET PTE LTD,"1 JALAN BERSEH #B1-03/22, NEW WORLD CENTRE S(209037)",1.30730464109303,103.857706092553,True
90,90,CE12546B000,SHENG SIONG SUPERMARKET,SHENG SIONG SUPERMARKET PTE LTD,"301 GEYLANG ROAD, BCH@301 S(389344) #01-02, #02-01/02/03/04/05",1.31272145190104,103.878641897568,True
91,91,CE12695A000,HAO MART,HAO MART PTE. LTD.,"74 WHAMPOA DRIVE #01-332,#01-336,#01-334, S(320074)",1.32471579654689,103.857752875203,True
92,92,CE12H50C000,FAIRPRICE FINEST,NTUC FAIRPRICE CO-OPERATIVE LTD,"100 TRAS STREET #B1-01, 100 AM S(079027)",1.27481443733105,103.843515632198,True
93,93,CE12H94B000,PRIME SUPERMARKET,PRIME SUPERMARKET (1996) PTE LTD,"542B SERANGOON NORTH AVENUE 3 #02-01, MUTLI STOREY CAR PARK S(552542)",1.37368392866904,103.871416983254,True
94,94,CE12J32X000,SHENG SIONG SUPERMARKET,SHENG SIONG SUPERMARKET PTE LTD,"2 ANG MO KIO DRIVE #01-12, ITE COLLEGE CENTRAL S(567720)",1.37789204897273,103.856411982029,True
95,95,CE12V01C000,HAO MART,HAO MART PTE. LTD.,"16 JALAN KURAS, SEMBAWANG HILLS ESTATE S(577729)",1.37307949430462,103.829630839555,True
96,96,CE13539N000,SuperNature,CULINA PTE. LTD.,"583 ORCHARD ROAD, FORUM S(238884) #B1-05/06/07/08/09",1.30624873073847,103.829034914315,True
97,97,CE13O90C000,FAIRPRICE FINEST,NTUC FAIRPRICE CO-OPERATIVE LTD,"20 AH HOOD ROAD #02-01, S(329984)",1.32694504456951,103.846554377679,True
98,98,CE13R25C000,FAIRPRICE,NTUC FAIRPRICE CO-OPERATIVE LTD,"447A JALAN KAYU #01-02, S(791447)",1.39213828470085,103.872490555974,True
99,99,CE13S05E000,LABIBA ENTERPRISE,HAMINI PTE. LTD.,"249 JALAN KAYU, S(799473)",1.39657691054767,103.872860366695,True
100,100,CE13Z03L000,GIANT HYPERFRESH,COLD STORAGE SINGAPORE (1983) PTE LTD,"3 TEMASEK BOULEVARD #B1-154,#B1-155,#B1-156, SUNTEC CITY MALL S(038983)",1.29487905002429,103.857675494346,True
101,101,CE13Z38L000,AP,AP HOUSE PTE. LTD.,"12 MARINA VIEW #01-06/08, ASIA SQUARE TOWER 2 S(018961) (3 Units: 6, 7 & 8)",1.27822949964567,103.850812513482,True
102,102,CE13Z98K000,FAIRPRICE,NTUC FAIRPRICE CO-OPERATIVE LTD,"808 FRENCH ROAD #01-01, KITCHENER COMPLEX S(200808)",1.30883002147893,103.861354748625,True
103,103,CE14938E000,SONG FISH- SEAFOOD MARKET PLACE,SONG FISH DEALER PTE LTD,"133 NEW BRIDGE ROAD #B1-26, CHINATOWN POINT S(059413)",1.28518516098542,103.844942912274,True
104,104,CE14G71E000,COLD STORAGE,COLD STORAGE SINGAPORE (1983) PTE LTD,"16 ENGGOR STREET, ALTEZ S(079717) (UNITS: #01-05/06/07/08)",1.27470969772041,103.844319958766,True
105,105,CE14G73B000,COLD STORAGE,COLD STORAGE SINGAPORE (1983) PTE LTD,"12 KALLANG AVENUE #01-47, APERIA S(339511)",1.30971120678144,103.864326436447,True
106,106,CE14L50J000,FAIRPRICE FINEST,NTUC FAIRPRICE CO-OPERATIVE LTD,"33 SENGKANG WEST AVENUE #B2-24, THE SELETAR MALL S(797653)",1.3914064187312,103.876165682945,True
107,107,CE14Q85A000,B&S MINIMART,B & S MINI MART PTE. LTD.,"310 GEYLANG ROAD, S(389349)",1.31245131450842,103.879622127227,True
108,108,CE15023A000,GW MINIMART,GW TRADER PTE. LTD.,"8 SELETAR NORTH LINK #G1-03, PPT LODGE 1A S(797455)",1.41833138632619,103.896447883223,True
109,109,CE15042P000,PHAN99 SUPERMART,PHAN99 INVESTMENTS PTE. LTD.,"2 SELETAR NORTH LINK #01-38, PPT LODGE 1B S(797601)",1.41703222456972,103.896085339374,True
110,110,CE15577J000,COLD STORAGE,COLD STORAGE SINGAPORE (1983) PTE LTD,"442 ORCHARD ROAD #B1-01/11, ORCHARD HOTEL S(238879)",1.30744253289071,103.828776671636,True
111,111,CE15695V000,FAIRPRICE,NTUC FAIRPRICE CO-OPERATIVE LTD,"279 SENGKANG EAST AVENUE #01-06, MULTI STOREY CAR PARK S(540279)",1.38621835441264,103.893038290302,True
112,112,CE15B61K000,U Stars Supermarket,U STARS SUPERMARKET PTE. LTD.,"330 ANCHORVALE STREET #01-01, S(540330)",1.3968497990014,103.889246755784,True
113,113,CE15F60K000,HUBER'S,HUBER'S PTE. LTD.,"22 DEMPSEY ROAD, 1st & 2nd storey S(249679) 1st & 2nd storey",1.30679240314535,103.810185814417,True
114,114,CE15G35E000,FAIRPRICE,NTUC FAIRPRICE CO-OPERATIVE LTD,"20 LENGKOK BAHRU #01-13, S(159053)",1.28678542424641,103.814674234674,True
115,115,CE15J25N000,SHENG SIONG SUPERMARKET,SHENG SIONG SUPERMARKET PTE LTD,"85 DAWSON ROAD #01-01, MULTI STOREY CAR PARK S(141085)",1.29531966312622,103.809758591447,True
116,116,CE16913J000,SHENG SIONG SUPERMARKET,SHENG SIONG SUPERMARKET PTE LTD,"473 FERNVALE STREET #01-06, FERNVALE RIVERGROVE S(790473)",1.39779874741053,103.881698806174,True
117,117,CE16E64A000,HAO MART,HAO MART PTE. LTD.,"106 HENDERSON CRESCENT #01-47, HENDERSONVILLE S(150106)",1.28942452424589,103.822305493842,True
118,118,CE16I13V000,IROHA MART,IROHA INTERNATIONAL PTE. LTD.,"68 ORCHARD ROAD #B2-17,#B2-18, PLAZA SINGAPURA S(238839)",1.30082071769235,103.845067272938,True
119,119,CE16K18V000,FAIRPRICE SHOP,NTUC FAIRPRICE CO-OPERATIVE LTD,"574 ANG MO KIO AVENUE 10 #01-1847, S(560574)",1.37089456110631,103.85639651349,True
120,120,CE16M43E000,LITTLE FARMS,LITTLE FARMS PTE. LTD.,"7 WALLICH STREET #B2-06, TANJONG PAGAR CENTRE S(078884)",1.27672492702287,103.845155395387,True
121,121,CE17174A000,TASTE SINGAPORE,TASTE (SINGAPORE) PRIVATE LIMITED,"118 HOLLAND AVENUE #B1-01/10, RAFFLES HOLLAND V S(278997)",1.31056351475336,103.796107173318,True
122,122,CE17A77E000,CAVEMEN,CAVEMEN PTE. LTD.,"1 JALAN DUSUN #01-11/12,#01-09/10, ONE DUSUN RESIDENCES S(329363)",1.32696539864482,103.84367423097,True
123,123,CE17E43B000,HAO MART,HAO MART PTE. LTD.,"410A SIN MING AVENUE #01-02, MULTI STOREY CAR PARK S(571410)",1.36321586325047,103.83544535822,True
124,124,CE17F56J000,IROHA MART,IROHA INTERNATIONAL PTE. LTD.,"133 NEW BRIDGE ROAD #B1-11, CHINATOWN POINT S(059413)",1.28518516098542,103.844942912274,True
125,125,CE17J36N000,COLD STORAGE,COLD STORAGE SINGAPORE (1983) PTE LTD,"5 STRAITS VIEW #B2-15/16, THE HEART S(018935)",1.27737235072298,103.852844801266,True
126,126,CE17K55B000,FAIRPRICE SHOP,NTUC FAIRPRICE CO-OPERATIVE LTD,"30 BENDEMEER ROAD #01-871, BENDEMEER VILLE S(330030)",1.31906233206996,103.863880362385,True
127,127,CE17L02A000,FAIRPRICE SHOP,NTUC FAIRPRICE CO-OPERATIVE LTD,"95 LORONG 4 TOA PAYOH #01-70,#01-72,#01-68, TOA PAYOH PALM SPRING S(310095)",1.338974038346,103.849002148998,True
128,128,CE17L45A000,DON DON DONKI,PAN PACIFIC RETAIL MANAGEMENT (SINGAPORE) PTE. LTD.,"181 ORCHARD ROAD #B2-01/03,#B2-23/48, ORCHARD CENTRAL S(238896)",1.30083890839245,103.839434733899,True
129,129,CE17M26A000,HAO MART,HAO MART PTE. LTD.,"17 JALAN TENTERAM #01-128, S(321017)",1.32821169071169,103.859812573047,True
130,130,CE17M36X000,HAO MART,HAO MART PTE. LTD.,"146 JALAN BUKIT MERAH #01-1074, S(160146)",1.27783733331047,103.830814605787,True
131,131,CE17P14L000,SF FARM MART,SF (313) PTE. LTD.,"3 TEMASEK BOULEVARD #01-616,#01-617, SUNTEC CITY MALL S(038983)",1.29487905002429,103.857675494346,True
132,132,CE17Q32B000,SHENG SIONG SUPERMARKET,SHENG SIONG SUPERMARKET PTE LTD,"417 FERNVALE LINK #01-11, MULTI STOREY CAR PARK S(790417)",1.39158622983505,103.879874611419,True
133,133,CE17Q33A000,SHENG SIONG SUPERMARKET,SHENG SIONG SUPERMARKET PTE LTD,"338 ANCHORVALE CRESCENT #01-11, MULTI STOREY CAR PARK S(540338)",1.39922772538912,103.88965593061,True
134,134,CE18A78X000,DON DON DONKI,PAN PACIFIC RETAIL MANAGEMENT (SINGAPORE) PTE. LTD.,"100 TRAS STREET #02-22/26,#03-01/05,#02-01/05,#03-19/23, 100 AM S(079027)",1.27481443733105,103.843515632198,True
135,135,CE18G73N000,HAO MART,HAO MART PTE. LTD.,"91 TELOK BLANGAH STREET 31 #01-02,#01-03,#01-04, S(100091)",1.27627970533812,103.806955809842,True
136,136,CE18I13C000,LITTLE FARMS,LITTLE FARMS PTE. LTD.,"3 LORONG LIPUT #01-04,#01-05,#01-06, HOLLAND VILLAGE CORNER S(277725)",1.31067976097165,103.795260908624,True
137,137,CE18P85X000,FAIRPRICE FINEST,NTUC FAIRPRICE CO-OPERATIVE LTD,"111 SOMERSET ROAD #01-01/02,#01-21/30, TRIPLEONE SOMERSET S(238164)",1.3002867755265,103.837420249281,True
138,138,CE18R47X000,PRIME SUPERMARKET,PRIME SUPERMARKET (1996) PTE LTD,"991 BUANGKOK LINK #01-28, MULTI STOREY CAR PARK S(530991)",1.38433426615655,103.881623070164,True
139,139,CE18R71X000,Your Grocer,YOUR GROCER PRIVATE LIMITED,"34 JALAN BUKIT HO SWEE #01-870, THE BEO CRESCENT S(160034)",1.28807687600985,103.82708127923,True
140,140,CE18T11J000,JO BY COLD STORAGE,COLD STORAGE SINGAPORE (1983) PTE LTD,"8A MARINA BOULEVARD #B2-44-50, MARINA BAY LINK MALL S(018984)",1.28023825446086,103.853369662547,True
141,141,CE18T88K000,DON DON DONKI,PAN PACIFIC RETAIL MANAGEMENT (SINGAPORE) PTE. LTD.,"180 KITCHENER ROAD #B2-07,#B2-17,#B2-18,#B2-06, CITY SQUARE MALL S(208539)",1.31139349427341,103.856487111691,True
142,142,CE18W55K000,HAO MART,HAO MART PTE. LTD.,"803 KING GEORGE'S AVENUE #01-168, S(200803)",1.30811749102335,103.861188606169,True
143,143,CE19351J000,Jasons Deli By Cold Storage,COLD STORAGE SINGAPORE (1983) PTE LTD,"2 BAYFRONT AVENUE #01-29, MARINA BAY SANDS S(018972)",1.28332249857386,103.857629111139,True
144,144,CE19392L000,CULINA,CULINA PTE. LTD.,"15 DEMPSEY ROAD, S(249675)",1.30518823313112,103.810314282281,True
145,145,CE19799X000,SUZYAMEER FROZEN,SUZYAMEER FROZEN PTE. LTD.,"991 BUANGKOK LINK #01-24/25, MULTI STOREY CAR PARK S(530991)",1.38433426615655,103.881623070164,True
146,146,CE19878A000,DON DON DONKI,PAN PACIFIC RETAIL MANAGEMENT (SINGAPORE) PTE. LTD.,"10 SINARAN DRIVE #B1-01/85, SQUARE 2 S(307506)",1.32044103104797,103.844192628979,True
147,147,CE19910L000,FAIRPRICE FINEST,NTUC FAIRPRICE CO-OPERATIVE LTD,"107 NORTH BRIDGE ROAD #B1-10, S(179105)",1.29124400604241,103.849984790048,True
148,148,CE19987N000,FAIRPRICE,NTUC FAIRPRICE CO-OPERATIVE LTD,"51 UPPER SERANGOON ROAD #01-30-32,#01-41-49, THE POIZ CENTRE S(347697)",1.33135550782584,103.868150095119,True
149,149,CE19A43K000,SHENG SIONG SUPERMARKET,SHENG SIONG SUPERMARKET PTE LTD,"351 ANCHORVALE ROAD #01-05, MULTI STOREY CAR PARK S(540351)",1.39332786581517,103.886617625113,True
150,150,CE19H85N000,DON DON DONKI,PAN PACIFIC RETAIL MANAGEMENT (SINGAPORE) PTE. LTD.,"6 EU TONG SEN STREET #B1-11-24,#B1-27B,#B1-28A,#B1-27A,#B1-27C,#B1-27E,#B1-28,#B1-27,#B1-27D,#B1-28B,#B1-44-51, THE CENTRAL S(059817)",1.2888737988701,103.846797382693,True
151,151,CE19I23N000,MEIDI-YA SUPERMARKET,MEIDI-YA SINGAPORE CO (PTE) LTD,"1 KIM SENG PROMENADE #B2-116,#B2-112,#B2-113,#B2-121,#B2-117,#B2-114,#B2-118,#B2-111,#B2-115,#B2-119,#B2-120, GREAT WORLD CITY S(237994)",1.2934759620704,103.831975865363,True
152,152,CE19K92V000,HAO MART,HAO MART PTE. LTD.,"116 JALAN TENTERAM #01-02, MULTI STOREY CAR PARK S(320116)",1.32769993704525,103.861236369481,True
153,153,E02026P000,COLD STORAGE,COLD STORAGE SINGAPORE (1983) PTE LTD,"20 EASTWOOD ROAD #01-07/09, EASTWOOD CENTRE S(486442)",1.32154249881548,103.955535617961,True
154,154,E02027N000,COLD STORAGE,COLD STORAGE SINGAPORE (1983) PTE LTD,"80 MARINE PARADE ROAD #B1-84, PARKWAY PARADE SHOPPING CENTRE S(449269)",1.30119131468839,103.905113590527,True
155,155,E02028L000,GIANT,COLD STORAGE SINGAPORE (1983) PTE LTD,"266 SERANGOON CENTRAL DRIVE #01-255, S(550266)",1.35323212759899,103.871503595573,True
156,156,E02030B000,GIANT,COLD STORAGE SINGAPORE (1983) PTE LTD,"306 UBI AVENUE 1 #01-185, S(400306)",1.32987219527898,103.901929737149,True
157,157,E02032V000,SHENG SIONG SUPERMARKET,SHENG SIONG SUPERMARKET PTE LTD,"539A BEDOK NORTH STREET 3 #01-477, BEDOK NORTH AREA OFFICE S(461539)",1.33240506627893,103.925501255318,True
158,158,E02033X000,GIANT,COLD STORAGE SINGAPORE (1983) PTE LTD,"509 BEDOK NORTH STREET 3 #01-121, S(460509)",1.33317541897572,103.93126502489,True
159,159,E02034P000,FAIRPRICE,NTUC FAIRPRICE CO-OPERATIVE LTD,"114 ALJUNIED AVENUE 2 #01-75, S(380114)",1.32172455192598,103.886807110468,True
160,160,E02035N000,FAIRPRICE,NTUC FAIRPRICE CO-OPERATIVE LTD,"212 BEDOK NORTH STREET 1 #01-147, S(460212)",1.32591841541763,103.931686958494,True
161,161,E02039E000,FAIRPRICE,NTUC FAIRPRICE CO-OPERATIVE LTD,"152B SERANGOON NORTH AVENUE 1 #01-384, S(552152)",1.36979941551155,103.873035824458,True
162,162,E02041X000,PRIME SUPERMARKET,PRIME SUPERMARKET LIMITED,"25A CHAI CHEE ROAD #01-459, S(461025)",1.32329022760147,103.924151826832,True
163,163,E02042P000,-,PRIME SUPERMARKET LIMITED,"803 KING GEORGE'S AVENUE #01-154, S(200803)",1.30811749102335,103.861188606169,True
164,164,E02045K000,SHENG SIONG SUPERMARKET,SHENG SIONG SUPERMARKET PTE LTD,"118 ALJUNIED AVENUE 2 #01-100, S(380118)",1.32004897700545,103.887406611675,True
165,165,E02047E000,GIANT,COLD STORAGE SINGAPORE (1983) PTE LTD,"348 BEDOK ROAD #01-01, BEDOK SHOPPING COMPLEX S(469560)",1.33143623119911,103.948260304303,True
166,166,E02072C000,FAIRPRICE,TEO BOBBY,"29 CHAI CHEE AVENUE #01-62, S(460029)",1.32476040143251,103.924370232312,True
167,167,E02096K000,fairprice,NTUC FAIRPRICE CO-OPERATIVE LTD,"6 MARINE PARADE CENTRAL, NTUC FAIRPRICE SUPERMARKET S(449411)",1.30133746499887,103.907177215042,True
168,168,E02140N000,SHENG SIONG SUPERMARKET,SHENG SIONG SUPERMARKET PTE LTD,"1 JALAN BERSEH #B1-02, NEW WORLD CENTRE S(209037)",1.30730464109303,103.857706092553,True
169,169,E03034J000,SHENG SIONG SUPERMARKET,SHENG SIONG SUPERMARKET PTE LTD,"115 BEDOK NORTH ROAD #01-319, S(460115)",1.33143368026417,103.936865404278,True
170,170,E73010V000,SHENG SIONG SUPERMARKET,SHENG SIONG SUPERMARKET PTE LTD,"11 UPPER BOON KENG ROAD #01-901, S(380011)",1.31423937033551,103.870914031459,True
171,171,E75097C000,PRIME SUPERMARKET,PRIME SUPERMARKET (1996) PTE LTD,"18 BEDOK SOUTH ROAD #01-87, S(460018)",1.32052771476512,103.934764301988,True
172,172,E79179V000,U Stars Supermarket,U STARS PTE. LTD.,"510 BEDOK NORTH STREET 3 #01-33, S(460510)",1.33233655577229,103.930496816187,True
173,173,E82118V000,HAO MART,HAO MART PTE. LTD.,"537 BEDOK NORTH STREET 3 #01-555, S(460537)",1.33177300757048,103.924236461237,True
174,174,E83157K000,FAIRPRICE,NTUC FAIRPRICE CO-OPERATIVE LTD,"934 EAST COAST ROAD, S(459125)",1.31230752184183,103.925234530164,True
175,175,E85090E000,HAO MART,HAO MART PTE. LTD.,"120 POTONG PASIR AVENUE 1 #01-812, S(350120)",1.33545353246777,103.863387980398,True
176,176,E89116J000,WAHOO,WAHOO SEAFOODS PTE. LTD.,"57 JALAN TUA KONG, S(457253)",1.31595937666575,103.925443851261,True
177,177,E95315V000,FAIRPRICE,NTUC FAIRPRICE CO-OPERATIVE LTD,"77 CIRCUIT ROAD #01-464/6, S(370077)",1.32855656206109,103.885349899665,True
178,178,E98161V000,FAIRPRICE,NTUC FAIRPRICE CO-OPERATIVE LTD,"255 EAST COAST ROAD, S(428932)",1.30836164661181,103.907988808727,True
179,179,J02008P000,-,ANG KEN CHUA,"410 CHOA CHU KANG AVENUE 3 #01-341, S(680410)",1.38062798768557,103.741520103731,True
180,180,J02009N000,SHENG SIONG SUPERMARKET,SHENG SIONG SUPERMARKET PTE LTD,"544 JURONG WEST STREET 42 #01-97/99, S(640544)",1.35239358298744,103.71575950591,True
181,181,J02010E000,GIANT,COLD STORAGE SINGAPORE (1983) PTE LTD,"475 CHOA CHU KANG AVENUE 3 #01-01, S(680475)",1.37789727709418,103.739015486021,True
182,182,J02011C000,COLD STORAGE,COLD STORAGE SINGAPORE (1983) PTE LTD,"464 UPPER BUKIT TIMAH ROAD, S(678077)",1.36012368217462,103.767542220363,True
183,183,J02013A000,FAIRPRICE,NTUC FAIRPRICE CO-OPERATIVE LTD,"221 BOON LAY PLACE #02-200, BOON LAY SHOPPING CENTRE S(640221)",1.34637376407877,103.712472819666,True
184,184,J02016P000,Seng Eng,NG TOH TET,"442 JURONG WEST AVENUE 1 #01-756, S(640442)",1.35151847519437,103.719496480131,True
185,185,J02017N000,PRIME SUPERMARKET,PRIME SUPERMARKET (1996) PTE LTD,"373 BUKIT BATOK STREET 31 #01-248, PRIME BUILDING S(650373)",1.35894637289694,103.750365800657,True
186,186,J02018L000,PRIME SUPERMARKET,PRIME SUPERMARKET (1996) PTE LTD,"253 CHOA CHU KANG AVENUE 1 #B1-07/10, S(680253)",1.37736607441394,103.744393648768,True
187,187,J02019K000,PRIME SUPERMARKET,PRIME SUPERMARKET LIMITED,"962 JURONG WEST STREET 91 #01-300, S(640962)",1.34201784072118,103.691483114884,True
188,188,J02020B000,PRIME SUPERMARKET,PRIME SUPERMARKET (1996) PTE LTD,"142 TECK WHYE LANE #01-281, S(680142)",1.38079049641025,103.75195441174,True
189,189,J02021A000,COLD STORAGE,COLD STORAGE SINGAPORE (1983) PTE LTD,"376 BUKIT BATOK STREET 31 #01-116, S(650376)",1.35831705249927,103.749579868748,True
190,190,J03027B000,JURONG ISLAND MINIMART,KADER HASNA MARICAN,"17 KIAN TECK LANE #01-65, S(627851)",1.33314578370484,103.695248109449,True
191,191,J03056N000,COLD STORAGE,COLD STORAGE SINGAPORE (1983) PTE LTD,"492 JURONG WEST STREET 41, #01-24/26/28 S(640492) #01-24/26/28",1.35011034556806,103.724671787001,True
192,192,J87134E000,G & G WHOLESALE & MARKETING,BALASUBRAMANIYAN KANNADASAN,"257 KRANJI ROAD, 1ST STOREY S(739503) 1ST STOREY",1.43594536031501,103.754008428765,True
193,193,J92067N000,MCP FAIRMART,MCP FAIRMART PTE. LTD.,"371 BUKIT BATOK STREET 31 #01-324, S(650371)",1.35925940866068,103.75069463109,True
194,194,J94081B000,PRIME SUPERMARKET,PRIME SUPERMARKET LIMITED,"763 JURONG WEST STREET 75 #01-01, S(640763)",1.34872644269898,103.698292005963,True
195,195,J96145K000,FAIRPRICE,NTUC FAIRPRICE CO-OPERATIVE LTD,"21 CHOA CHU KANG AVENUE 4 #B1-03, LOT 1 SHOPPERS' MALL S(689812)",1.38511154955356,103.745036167764,True
196,196,NE04047K000,FAIRPRICE,NTUC FAIRPRICE CO-OPERATIVE LTD,"138 TAMPINES STREET 11 #01-136, S(521138)",1.34531954926212,103.945384662025,True
197,197,NE04092A000,U Stars Supermarket,U STARS PTE. LTD.,"625 ELIAS ROAD #01-302, ELIAS MALL S(510625)",1.37860717882538,103.941916363447,True
198,198,NE04107V000,FAIRPRICE,NTUC FAIRPRICE CO-OPERATIVE LTD,"168 PUNGGOL FIELD #03-01, PUNGGOL PLAZA S(820168)",1.39425629780831,103.913043510411,True
199,199,NE04109P000,AZ SUPERMART,AZ SUPERMART PTE. LTD.,"21 KAKI BUKIT AVENUE 3, GOLDEN BUKIT DORMITORY 2 S(415920) GOLDEN BUKIT DORMITORY 2",1.33809445622754,103.909956515968,True
200,200,NE04114A000,FAIRPRICE,NTUC FAIRPRICE CO-OPERATIVE LTD,"866A TAMPINES STREET 83 #01-01, TAMPINES CENTRAL COMMUNITY COMPLEX S(521866)",1.35539306251992,103.934429348334,True
201,201,NE04155C000,YES Supermarket,YES SUPERMARKET PTE LTD,"829 TAMPINES ST 81, S(520829)",1.34922100236977,103.934914286623,True
202,202,NE06429X000,COLD STORAGE,COLD STORAGE SINGAPORE (1983) PTE LTD,"266 COMPASSVALE BOW #01-02, THE CORIS S(540266) MULTI STOREY CAR PARK",1.38187771301641,103.897039857818,True
203,203,NE07474A000,COLD STORAGE,COLD STORAGE SINGAPORE (1983) PTE LTD,"21 TAMPINES NORTH DRIVE 2, GIANT S(528765) GIANT HYPERMARKETS",1.37210169874539,103.931999887543,True
204,204,NE08058P000,FAIRPRICE,NTUC FAIRPRICE CO-OPERATIVE LTD,"1 PASIR RIS CLOSE #02-127, E!HUB@DOWNTOWN EAST S(519599) PASIR RIS NTUC RESORT",1.37656567661723,103.95522291538,True
205,205,NE08150C000,FAIRPRICE,NTUC FAIRPRICE CO-OPERATIVE LTD,"277C COMPASSVALE LINK #01-13, ASPELLA S(543277) UNIT 01",1.382379846623,103.893800423718,True
206,206,NE08357A000,SUZYAMEER FROZEN,SUZYAMEER FROZEN PTE. LTD.,"201D TAMPINES STREET 21 #01-1161, S(524201)",1.35226231425316,103.953586491358,True
207,207,NE09027A000,COLD STORAGE,COLD STORAGE SINGAPORE (1983) PTE LTD,"10 TAMPINES CENTRAL 1 #B1-01/02, S(529536)",1.35431556516976,103.945019456113,True
208,208,NE09263B000,FAIRPRICE,NTUC FAIRPRICE CO-OPERATIVE LTD,"100 HOUGANG AVENUE 10 #02-01, S(538767)",1.3717101782629,103.894247824437,True
209,209,NE09314N000,GIANT,COLD STORAGE SINGAPORE (1983) PTE LTD,"776 PASIR RIS STREET 71 #01-412, S(510776)",1.37454928846174,103.937088174395,True
210,210,NE09359K000,SHENG SIONG SUPERMARKET,SHENG SIONG SUPERMARKET PTE LTD,"301 PUNGGOL CENTRAL #01-01, CORALINUS S(820301) MULTI STOREY CAR PARK",1.40358047553376,103.90627901541,True
211,211,NE10113B000,ang mo supermarket,ANG MO SUPERMARKET PTE LTD,"639 PUNGGOL DRIVE #01-01, S(820639)",1.39946117845803,103.916054498662,True
212,212,NE10213X000,begonia supermarket,SHAHUL HAMEED S/O ABDUSALAM,"280 TAMPINES STREET 22 #01-244, S(520280)",1.34753519689194,103.951702776881,True
213,213,NE10310X000,FAIRPRICE FINEST,NTUC FAIRPRICE CO-OPERATIVE LTD,"1 MAJU AVENUE #B1-11-14,#B1-18-20, MYVILLAGE AT SERANGOON GARDEN S(556679)",1.36511490600171,103.86515950117,True
214,214,NE11529V000,PRIME SUPERMARKET,PRIME SUPERMARKET (1996) PTE LTD,"159A HOUGANG STREET 11 #01-01, MULTI STOREY CAR PARK S(531159)",1.35189336565608,103.879444507283,True
215,215,NE11808L000,BENG POH MINI MART,BENG POH MINI MART,"21B TAMPINES AVENUE, S(529804)",1.36644646508851,103.92606538369,True
216,216,NE11909C000,COLD STORAGE,COLD STORAGE SINGAPORE (1983) PTE LTD,"683 HOUGANG AVENUE 8 #01-903, S(530683)",1.37332122552781,103.88636553205,True
217,217,NE12B79A000,FAIRPRICE,NTUC FAIRPRICE CO-OPERATIVE LTD,"612 PUNGGOL DRIVE #01-06, S(820612)",1.40461003140363,103.908665597763,True
218,218,NE12I65N000,LI LI CHENG SUPERMARKET (PUNGGOL) PTE. LTD.,LI LI CHENG SUPERMARKET (PUNGGOL) PTE. LTD.,"273C PUNGGOL PLACE #01-884, PUNGGOL REGALIA S(823273)",1.40230301367166,103.901262391698,True
219,219,NE13M11K000,COLD STORAGE,COLD STORAGE SINGAPORE (1983) PTE LTD,"622D PUNGGOL CENTRAL #01-06, PUNGGOL SPECTRA S(824622)",1.40053114998822,103.910536919134,True
220,220,NE14190K000,VIVA MART ENTERPRISES,VIVA CORP SERVICES PTE. LTD.,"23 KAKI BUKIT ROAD 3 #01-02, THE LEO S(415812)",1.33733862669183,103.903735075266,True
221,221,NE15002X000,SHENG SIONG SUPERMARKET,SHENG SIONG SUPERMARKET PTE LTD,"506 TAMPINES CENTRAL 1 #01-361, S11 COURT S(520506)",1.35590219010974,103.945912182468,True
222,222,NE15006K000,SFERM,SFERM PTE. LTD.,"78 SERANGOON GARDEN WAY #01-01, SERANGOON GARDEN ESTATE S(555974)",1.36428136996969,103.86513393838,True
223,223,NE15211C000,SHENG SIONG SUPERMARKET,SHENG SIONG SUPERMARKET PTE LTD,"312A SUMANG LINK #01-04, PUNGGOL PARCVISTA S(821312)",1.41081926900094,103.900371677782,True
224,224,NE15276N000,SHENG SIONG SUPERMARKET,SHENG SIONG SUPERMARKET PTE LTD,"527D PASIR RIS STREET 51 #01-01, COSTA RIS S(514527)",1.36968625501963,103.947922425135,True
225,225,NE15440C000,U Stars Supermarket,U STARS SUPERMARKET PTE. LTD.,"261 PUNGGOL WAY #01-02, PUNGGOL TOPAZ S(820261) MULTI STOREY CAR PARK",1.40541353588128,103.896823897352,True
226,226,NE15467C000,FAIRPRICE,NTUC FAIRPRICE CO-OPERATIVE LTD,"476 UPPER SERANGOON VIEW #02-18, PUNGGOL TOPAZ S(530476) MULTI STOREY CAR PARK",1.37743006723556,103.903712863793,True
227,227,NE15476B000,HAO MART,HAO MART PTE. LTD.,"308C PUNGGOL WALK #01-352, WATERWAY TERRACES I S(823308)",1.40800694944027,103.899074357998,True
228,228,NE15611B000,GIANT,COLD STORAGE SINGAPORE (1983) PTE LTD,"671 EDGEFIELD PLAINS #02-01, S(820671)",1.40566048045603,103.911991277154,True
229,229,NE15760A000,RAW MARKET,RAW MARKET PTE. LTD.,"11 PASIR RIS LINK #01-48, SEASTRAND S(518180)",1.37558830923856,103.960839727163,True
230,230,NE15762X000,FAIRPRICE FINEST,NTUC FAIRPRICE CO-OPERATIVE LTD,"83 PUNGGOL CENTRAL #B2-32, WATERWAY POINT S(828761)",1.40640964880099,103.902130352627,True
231,231,NE16139A000,GIANT,COLD STORAGE SINGAPORE (1983) PTE LTD,"259 PASIR RIS STREET 21 #01-27, S(510259)",1.36645364037722,103.964598499523,True
232,232,NE16363K000,COLD STORAGE,COLD STORAGE SINGAPORE (1983) PTE LTD,"1 SENGKANG SQUARE #B1-25, COMPASS ONE S(545078) 1 SENGKANG MALL (1SM)",1.3920543053799,103.895063884132,True
233,233,NE16640E000,FAIRPRICE,NTUC FAIRPRICE CO-OPERATIVE LTD,"51 TAMPINES AVENUE 4 #B1-01, OUR TAMPINES HUB S(529684)",unknown,unknown,False
234,234,NE16747J000,U Stars Supermarket,U STARS SUPERMARKET PTE. LTD.,"218 SUMANG WALK #01-01, S(820218)",1.40322712524584,103.89538702242,True
235,235,NE16875P000,HAO MART,HAO MART PTE. LTD.,"487B TAMPINES STREET 45 #B1-123, S(521487)",1.35998567839232,103.958247648588,True
236,236,NE17023N000,SHENG SIONG SUPERMARKET,SHENG SIONG SUPERMARKET PTE LTD,"258 PASIR RIS STREET 21 #02-10, LOYANG POINT S(510258)",1.36706634197242,103.964635610477,True
237,237,NE17098V000,U Stars Supermarket,U STARS SUPERMARKET PTE. LTD.,"215C COMPASSVALE DRIVE #01-01, S(543215)",1.38977026274295,103.892787161183,True
238,238,NE17390X000,U Stars Supermarket,U STARS SUPERMARKET PTE. LTD.,"878C TAMPINES AVENUE 8 #01-65, S(523878)",1.35126411286423,103.929363834798,True
239,239,NE17563L000,SHENG SIONG SUPERMARKET,SHENG SIONG SUPERMARKET PTE LTD,"872C TAMPINES STREET 86 #02-01, S(523872)",1.35530533818727,103.931659088071,True
240,240,NE17700J000,SHENG SIONG SUPERMARKET,SHENG SIONG SUPERMARKET PTE LTD,"660A EDGEDALE PLAINS #01-01, WATERWAY SUNDEW S(821660)",1.40262197348865,103.916519598298,True
241,241,NE18066E000,-,ISYMI PTE. LTD.,"183 JALAN PELIKAT #01-12, THE PROMENADE@PELIKAT S(537643)",1.35530904178242,103.887857183262,True
242,242,NE18169P000,FAIRPRICE,NTUC FAIRPRICE CO-OPERATIVE LTD,"681 PUNGGOL DRIVE #B1-01, S(820681)",1.40278015725693,103.913215101343,True
243,243,NE18339P000,The Seafood Market Place by Song Fish,SONG FISH DEALER PTE LTD,"2 TAMPINES CENTRAL 5 #B1-08, CENTURY SQUARE S(529509)",1.35229139706407,103.943849611798,True
244,244,NE18406E000,J-MART JAPANESE FOOD MARKET,TANESEI RETAILING PTE. LTD.,"2 TAMPINES CENTRAL 5 #B1-06, CENTURY SQUARE S(529509)",1.35229139706407,103.943849611798,True
245,245,NE18529J000,The Seafood Market Place by Song Fish,SONG FISH DEALER PTE LTD,"681 PUNGGOL DRIVE #01-09,#01-11,#01-10, S(820681)",1.40278015725693,103.913215101343,True
246,246,NE18667L000,HAO MART,HAO MART PTE. LTD.,"658 PUNGGOL EAST #01-01, S(820658)",1.39991156763461,103.919353979151,True
247,247,NE19271N000,SHENG SIONG SUPERMARKET,SHENG SIONG SUPERMARKET PTE LTD,"231 SUMANG LANE #01-02, S(820231)",1.40205998268188,103.892211658905,True
248,248,NW04014P000,-,COLD STORAGE SINGAPORE (1983) PTE LTD,"102 YISHUN AVENUE 5 #01-125, S(760102)",1.43061830395071,103.828762985291,True
249,249,NW04127A000,-,NTUC FAIRPRICE CO-OPERATIVE LTD,"900 SOUTH WOODLANDS DRIVE #B1-01, WOODLANDS CIVIC CENTRE S(730900)",1.4350449476836,103.786826166174,True
250,250,NW06239N000,-,THNG SAIK MONG,"108 CLEMENTI STREET 11 #01-K1, S(120108)",1.32212392900686,103.770265903384,True
251,251,NW06546V000,FAIRPRICE,NTUC FAIRPRICE CO-OPERATIVE LTD,"511 CANBERRA ROAD #02-03, SEMBAWANG MART S(750511)",1.45361014432056,103.819625588635,True
252,252,NW07277P000,FAIRPRICE,NTUC FAIRPRICE CO-OPERATIVE LTD,"355 SEMBAWANG WAY #01-01, S(750355)",1.44962495636994,103.818722450461,True
253,253,NW07636K000,GIANT,COLD STORAGE SINGAPORE (1983) PTE LTD,"406A SEMBAWANG DRIVE #01-02, MULTI STOREY CAR PARK S(751406)",1.45238757319957,103.817440100888,True
254,254,NW07726J000,MM SUNDRY SHOP,MM SUNDRY SHOP PTE. LTD.,"27 WOODLANDS SECTOR 1 #01-70, WOODLANDS DORMITORY S(738252)",1.45464655649548,103.804476731799,True
255,255,NW08020K000,COLD STORAGE,COLD STORAGE SINGAPORE (1983) PTE LTD,"70 WOODLANDS AVENUE 7 #01-05, ADMIRALTY MRT STATION S(738344)",1.44055609916205,103.800916952025,True
256,256,NW08141P000,COLD STORAGE,COLD STORAGE SINGAPORE (1983) PTE LTD,"41 SUNSET WAY #01-01A, CLEMENTI ARCADE S(597071)",1.32325040079253,103.767260053747,True
257,257,NW08314K000,COLD STORAGE,COLD STORAGE SINGAPORE (1983) PTE LTD,"930 YISHUN AVENUE 2 #B1-06/07, NORTHPOINT S(769098)",1.42969848626288,103.835776491468,True
258,258,NW08385B000,COLD STORAGE,COLD STORAGE SINGAPORE (1983) PTE LTD,"604 SEMBAWANG ROAD #B1-25, SEMBAWANG SHOPPING CENTRE S(758459)",1.44175296834191,103.82479165671,True
259,259,NW08477X000,FAIRPRICE,NTUC FAIRPRICE CO-OPERATIVE LTD,"36 HOLLAND DRIVE #01-03, S(270036)",1.30919407743078,103.79263991227,True
260,260,NW09331A000,AJMAL TRADE MART,AJMAL TRADE MART PTE. LTD.,"23 MANDAI ESTATE #01-21, S(729937)",1.40631205409106,103.760561705557,True
261,261,NW09437C000,COLD STORAGE,COLD STORAGE SINGAPORE (1983) PTE LTD,"468B ADMIRALTY DRIVE #01-29, S(752468)",1.45000861656514,103.814110899773,True
262,262,NW10192C000,PHAN NEE TRADING,PHAN NEE TRADING LLP,"49 ADMIRALTY ROAD WEST, COCHRANE LODGE II S(757444)",1.4613885444488,103.818111265911,True
263,263,NW11384E000,COLD STORAGE,COLD STORAGE SINGAPORE (1983) PTE LTD,"1 WOODLANDS SQUARE #B1-31/32, CAUSEWAY POINT S(738099)",1.43622867995805,103.786349823084,True
264,264,NW11702X000,SHENG SIONG SUPERMARKET,SHENG SIONG SUPERMARKET PTE LTD,"200 WOODLANDS INDUSTRIAL PARK E7 #01-30, WOODLANDS RECREATION CENTRE S(757177) INTERIM RECREATION PARK",1.45074973335289,103.796846514064,True
265,265,NW11767E000,SHENG SIONG SUPERMARKET,SHENG SIONG SUPERMARKET PTE LTD,"1 WOODLANDS ROAD #01-07, THE TENNERY S(677899)",1.38055127973087,103.760106974822,True
266,266,NW12G73N000,PRIME SUPERMARKET,PRIME SUPERMARKET (1996) PTE LTD,"761 YISHUN STREET 72 #01-348, (#01-348-350-352 AND 354) S(760761) (#01-348-350-352 AND 354)",1.42539842441665,103.833259035976,True
267,267,NW13005P000,BHANDARI INTERNATIONAL,BHANDARI INTERNATIONAL PTE. LTD.,"50 WOODLANDS INDUSTRIAL PARK E4 #01-02, WOODLANDS LODGE ONE S(757388)",1.45025875777465,103.794823954933,True
268,268,NW13J23J000,BISMILLAH MINIMART,BISMILLAH MINIMART PTE. LTD.,"32 MANDAI ESTATE #01-02, S(729939)",1.40754124403461,103.758128230666,True
269,269,NW13K05E000,FAIRPRICE,NTUC FAIRPRICE CO-OPERATIVE LTD,"570B WOODLANDS AVENUE 1 #01-06, S(732570)",1.43106395458307,103.790454078756,True
270,270,NW14006E000,de esperto minimart,DE ESPERTO MINIMART PTE. LTD.,"190 WOODLANDS INDUSTRIAL PARK E7, S(757178)",1.45123407130034,103.797900318242,True
271,271,NW14040B000,FORTUNE SUPERMARKET,FORTUNE SUPERMARKET PTE. LTD.,"463 SEMBAWANG DRIVE #01-02, MULTI STOREY CAR PARK S(750463)",1.45555388401849,103.81464932384,True
272,272,NW14561E000,7SEVEN,7SEVEN PTE. LTD.,"51 NORTH COAST AVENUE #01-03, NORTH COAST LODGE S(756992)",1.45605972919051,103.786436914993,True
273,273,NW15186C000,SHENG SIONG SUPERMARKET,SHENG SIONG SUPERMARKET PTE LTD,"547 SEGAR ROAD #01-06, MULTI STOREY CAR PARK S(670547)",1.3882402168269,103.76957538706,True
274,274,NW15220L000,FORTUNE SUPERMARKET,FORTUNE SUPERMARKET PTE. LTD.,"780 WOODLANDS CRESCENT #01-01, MULTI STOREY CAR PARK S(730780)",1.44834155029683,103.801057143543,True
275,275,NW15264K000,RYAN'S GROCERY,ALTERNATIVE SELECTION PTE. LTD.,"29 BINJAI PARK, BINJAI PARK S(589831)",1.33661378718238,103.786974822749,True
276,276,NW15295X000,COLD STORAGE,COLD STORAGE SINGAPORE (1983) PTE LTD,"896 DUNEARN ROAD #02-01, SIME DARBY CENTRE S(589472)",1.33667573740597,103.783709151645,True
277,277,NW15489B000,AJMAL TRADING GROUP,AJMAL  TRADING GROUP PTE. LTD.,"2 WOODLANDS SECTOR 2 #01-05, WESTLITE WOODLANDS DORMITORY S(737723)",1.46150164054498,103.809471515497,True
278,278,NW15751L000,ASHA MINIMART,ASHA MINIMART PTE. LTD.,"11 MANDAI ESTATE #01-15,#01-16, ELDIX S(729908)",1.40860253518183,103.759758955688,True
279,279,NW16388B000,SHENG SIONG SUPERMARKET,SHENG SIONG SUPERMARKET PTE LTD,"18 YISHUN AVENUE 9 #02-06/10, JUNCTION NINE S(768897)",1.43306021695327,103.841649364872,True
280,280,NW16634L000,HAO MART,HAO MART PTE. LTD.,"205 PETIR ROAD #01-595, S(670205)",1.37343025396585,103.773924079454,True
281,281,NW16763X000,HAO MART,HAO MART PTE. LTD.,"505 CANBERRA LINK #01-01, MONTREAL SPRING S(750505)",1.45026201889682,103.822534715231,True
282,282,NW17024A000,-,SUN TRG & CON PTE. LTD.,"280 WOODLANDS INDUSTRIAL PARK E5 #01-24, HARVEST @ WOODLANDS S(757322)",1.45132505713202,103.79109517658,True
283,283,NW17097K000,FAIRPRICE,NTUC FAIRPRICE CO-OPERATIVE LTD,"17 PETIR ROAD #B2-67, HILLION MALL S(678278)",1.37848224932124,103.763672842754,True
284,284,NW17212X000,U Stars Supermarket,U STARS PTE. LTD.,"507 YISHUN AVENUE 4 #01-09, S(760507)",1.41517413065244,103.839827784744,True
285,285,NW17277E000,Maa Supermarket,MAA TRADING PTE. LTD.,"280 WOODLANDS INDUSTRIAL PARK E5 #01-47, HARVEST @ WOODLANDS S(757322)",1.45132505713202,103.79109517658,True
286,286,NW17310P000,The Seafood Market Place by Song Fish,SONG FISH DEALER PTE LTD,"930 YISHUN AVENUE 2 #B1-05, NORTHPOINT SHOPPING CENTRE S(769098)",1.42969848626288,103.835776491468,True
287,287,NW17421C000,SHENG SIONG SUPERMARKET,SHENG SIONG SUPERMARKET PTE LTD,"446 FAJAR ROAD #01-01, S(670446)",1.38397139014156,103.77110023409,True
288,288,NW17699N000,GREEN VENTURES,CUTECH GREEN VENTURES PTE. LTD.,"10 WOODLANDS INDUSTRIAL PARK E1, S(757733)",1.45334363120531,103.795682398584,True
289,289,NW17734V000,SHENG SIONG SUPERMARKET,SHENG SIONG SUPERMARKET PTE LTD,"4 WOODLANDS STREET 12 #02-61, S(738623)",1.43354318137534,103.77988189197,True
290,290,NW17872B000,FAIRPRICE,NTUC FAIRPRICE CO-OPERATIVE LTD,"1 NORTHPOINT DRIVE #B2-103,#B2-106,#B2-104,#B2-107,#B2-105, NORTHPOINT CITY S(768019)",1.42875460572994,103.836324536111,True
291,291,NW17908L000,FAIRPRICE,NTUC FAIRPRICE CO-OPERATIVE LTD,"676 WOODLANDS DRIVE 71 #B1-02, S(730676)",1.43991699638813,103.800779709518,True
292,292,NW17990N000,U Stars Supermarket,U STARS PTE. LTD.,"691 WOODLANDS DRIVE 73 #01-06, S(730691)",1.44062992421831,103.806198056529,True
293,293,NW18021V000,SHENG SIONG SUPERMARKET,SHENG SIONG SUPERMARKET PTE LTD,"105 CANBERRA STREET #02-05, S(750105)",1.44885564679911,103.832409172149,True
294,294,NW18091N000,FAIRPRICE,NTUC FAIRPRICE CO-OPERATIVE LTD,"29A GHIM MOH LINK #01-01, S(271029)",1.30859676574975,103.784545203331,True
295,295,NW18192E000,FAIRPRICE FINEST,NTUC FAIRPRICE CO-OPERATIVE LTD,"598 YISHUN RING ROAD #01-01, WISTERIA MALL S(768698)",1.41798969122298,103.841317292608,True
296,296,NW18310J000,TASTY FARM,SONG FISH DEALER PTE LTD,"676 WOODLANDS DRIVE 71 #01-04, S(730676)",1.43991699638813,103.800779709518,True
297,297,NW18478E000,SHENG SIONG SUPERMARKET,SHENG SIONG SUPERMARKET PTE LTD,"675 YISHUN AVENUE 4 #01-10, S(760675)",1.42006293748965,103.843561434577,True
298,298,NW18649C000,SHENG SIONG SUPERMARKET,SHENG SIONG SUPERMARKET PTE LTD,"785E WOODLANDS RISE #01-01, S(735785)",1.44679888115266,103.805489772817,True
299,299,NW18778K000,SHENG SIONG SUPERMARKET,SHENG SIONG SUPERMARKET PTE LTD,"573 WOODLANDS DRIVE 16 #02-01, S(730573)",1.43109807246887,103.798507621177,True
300,300,NW18A75V000,-,ANG MO SUPERMARKET PTE LTD,"260 ANG MO KIO STREET 21 #01-05, MULTI STOREY CAR PARK S(560260)",1.36891617080101,103.834499516963,True
301,301,NW18B29C000,ANG MO SUPERMARKET,ANG MO SUPERMARKET PTE LTD,"120 CANBERRA CRESCENT #01-10, MULTI STOREY CAR PARK S(750120)",1.4456745290189,103.831508132401,True
302,302,NW19066J000,RAJ AGRO TRADING,RAJ AGRO TRADING PTE. LTD.,"11 KRANJI CLOSE #01-17/18, S(737673)",1.42816791062135,103.752608291345,True
303,303,NW19111K000,AJMAL TRADING GROUP,AJMAL  TRADING GROUP PTE. LTD.,"11 KRANJI CLOSE #01-02/03, S(737673)",1.42816791062135,103.752608291345,True
304,304,NW19252J000,PRIME FOOD & GROCER,PRIME SUPERMARKET (1996) PTE LTD,"461 YISHUN AVENUE 6 #01-01,#01-02, MULTI STOREY CAR PARK S(760461)",1.42841471915126,103.849972824055,True
305,305,NW19637C000,YEO EXPRESS,YEO WHOLESALE AND TRADING PTE. LTD.,"443C FAJAR ROAD #01-70, FAJAR HILLS S(673443)",1.38057053056182,103.76973269177,True
306,306,S02021B000,FAIRPRICE,NTUC FAIRPRICE CO-OPERATIVE LTD,"510 BISHAN STREET 13 #01-520, S(570510)",1.34888843900173,103.849691980101,True
307,307,S02023V000,FAIRPRICE FINEST,NTUC FAIRPRICE CO-OPERATIVE LTD,"9 BISHAN PLACE #B1-20, JUNCTION 8 SHOPPING CENTRE S(579837)",1.3503246633838,103.848557944325,True
308,308,S02024X000,COLD STORAGE,COLD STORAGE SINGAPORE (1983) PTE LTD,"205 HOUGANG STREET 21 #01-133, HEARTLAND MALL- KOVAN (SUPERMARKET) S(530205)",1.35954450890401,103.885169070198,True
309,309,S02025P000,CHIN GUAN HIN MINIMART,LIM KING CHEW,"6 HOUGANG AVENUE 3 #01-82, S(530006)",1.36271446291047,103.893980503167,True
310,310,S02026N000,FAIRPRICE,NTUC FAIRPRICE CO-OPERATIVE LTD,"90 HOUGANG AVENUE 10 #B1-07, HOUGANG MALL S(538766)",1.37248308734511,103.893788141349,True
311,311,S02027L000,FAIRPRICE,NTUC FAIRPRICE CO-OPERATIVE LTD,"682 HOUGANG AVENUE 4 #01-310, S(530682)",1.37361587694624,103.885758919948,True
312,312,S02028K000,FAIRPRICE,NTUC FAIRPRICE CO-OPERATIVE LTD,"202 HOUGANG STREET 21 #01-00, S(530202)",1.35752772716505,103.884086008717,True
313,313,S02029J000,FAIRPRICE,NTUC FAIRPRICE CO-OPERATIVE LTD,"1 HOUGANG STREET 91 #02-01, HOUGANG POINT S(538692)",1.37560507051107,103.879455004929,True
314,314,S02031V000,CHOP AH TAT MINI SUPERMARKET,TAN CHUAN BOON,"309 HOUGANG AVENUE 5 #01-293, S(530309)",1.36620554681345,103.895152424666,True
315,315,S02033P000,COLD STORAGE,COLD STORAGE SINGAPORE (1983) PTE LTD,"440 PASIR RIS DRIVE 4 #01-01, S(510440)",1.36899801064525,103.958647641559,True
316,316,S02034N000,FAIRPRICE,NTUC FAIRPRICE CO-OPERATIVE LTD,"1 PASIR RIS CENTRAL STREET 3 #B1-10, S(518457)",1.37234519149636,103.949805421214,True
317,317,S02036K000,GIANT,COLD STORAGE SINGAPORE (1983) PTE LTD,"9 TAMPINES STREET 32 #01-30, S(529286)",1.35416723967718,103.959935925418,True
318,318,S02037J000,ONE SUPERMARKET,ONE SUPERMARKET PTE. LTD.,"201B TAMPINES STREET 21 #01-1091, S(522201)",1.35343545338046,103.953023672678,True
319,319,S02038E000,GIANT,COLD STORAGE SINGAPORE (1983) PTE LTD,"829 TAMPINES STREET 81 #01-284/8, S(520829)",1.34922100236977,103.934914286623,True
320,320,S02039C000,FAIRPRICE,NTUC FAIRPRICE CO-OPERATIVE LTD,"4 TAMPINES CENTRAL 5 #B1-12, TAMPINES MALL S(529510)",1.35259361362837,103.944785968039,True
321,321,S02040X000,PRIME SUPERMARKET,PRIME SUPERMARKET LIMITED,"823 TAMPINES STREET 81 #01-160, S(520823)",1.34873284518969,103.934010232785,True
322,322,S02041P000,Prime Food & Grocer,PRIME SUPERMARKET (1996) PTE LTD,"2 TAMPINES CENTRAL 5 #B1-07, CENTURY SQUARE S(529509)",1.35229139706407,103.943849611798,True
323,323,S02048B000,SHENG SIONG SUPERMARKET,SHENG SIONG SUPERMARKET PTE LTD,"739A BEDOK RESERVOIR ROAD #01-01, MULTI STOREY CAR PARK S(471739)",1.33824203227296,103.923303932165,True
324,324,S02049A000,FAIRPRICE,NTUC FAIRPRICE CO-OPERATIVE LTD,"745 BEDOK RESERVOIR ROAD #01-3015, S(470745)",1.33741910491466,103.921782969068,True
325,325,S02051L000,FAIRPRICE,NTUC FAIRPRICE CO-OPERATIVE LTD,"192 LORONG 4 TOA PAYOH #01-672, S(310192)",1.33160440678674,103.85051153757,True
326,326,S02052K000,FAIRPRICE,NTUC FAIRPRICE CO-OPERATIVE LTD,"475 TAMPINES STREET 44 #01-145, S(520475)",1.36032332368955,103.953125965232,True
327,327,S02053J000,FAIRPRICE,NTUC FAIRPRICE CO-OPERATIVE LTD,"107 TAMPINES STREET 11 #01-353/9, S(521107)",1.34832915462114,103.948430663533,True
328,328,S02054E000,FAIRPRICE,NTUC FAIRPRICE CO-OPERATIVE LTD,"11 RIVERVALE CRESCENT #03-01, RIVERVALE MALL S(545082)",1.39221732695142,103.904473070943,True
329,329,S02055C000,FAIRPRICE,NTUC FAIRPRICE CO-OPERATIVE LTD,"118 RIVERVALE DRIVE #01-08, RIVERVALE PLAZA S(540118)",1.38544833801428,103.901925969477,True
330,330,S02056B000,FAIRPRICE FINEST,NTUC FAIRPRICE CO-OPERATIVE LTD,"301 UPPER THOMSON ROAD #03-25, THOMSON PLAZA S(574408)",1.35502885653149,103.831053292454,True
331,331,S02057A000,GIANT,COLD STORAGE SINGAPORE (1983) PTE LTD,"181 LORONG 4 TOA PAYOH #01-602, S(310181)",1.33355772097994,103.850977857277,True
332,332,S02058V000,SHENG SIONG SUPERMARKET,SHENG SIONG SUPERMARKET PTE LTD,"200 UPPER THOMSON ROAD #B1-01, THOMSON IMPERIAL COURT S(574424)",1.35184499157062,103.836053648292,True
333,333,S02059X000,PRIME SUPERMARKET,PRIME SUPERMARKET (1996) PTE LTD,"106 HOUGANG AVENUE 1 #01-1213, S(530106)",1.35370313485788,103.890680820842,True
334,334,S02103A000,FAIRPRICE,NTUC FAIRPRICE CO-OPERATIVE LTD,"500 LORONG 6 TOA PAYOH, HDB HUB S(310500)",1.33276117944875,103.8471181837,True
335,335,S02127E000,PRIME SUPERMARKET,PRIME SUPERMARKET LIMITED,"108 PUNGGOL FIELD #01-02, S(820108)",1.39649861628108,103.908866307025,True
336,336,S02151E000,PRIME SUPERMARKET,PRIME SUPERMARKET LIMITED,"263 COMPASSVALE STREET #01-01, S(540263)",1.39484816528775,103.896042268385,True
337,337,S02169J000,GIANT,COLD STORAGE SINGAPORE (1983) PTE LTD,"525 ANG MO KIO AVENUE 10 #01-2401, S(560525)",1.37264569640251,103.853890703815,True
338,338,S02185J000,GIANT,COLD STORAGE SINGAPORE (1983) PTE LTD,"982 BUANGKOK CRESCENT #01-01, S(530982)",1.38089498895572,103.879323168238,True
339,339,S02204N000,GIANT,COLD STORAGE SINGAPORE (1983) PTE LTD,"260 KIM KEAT AVENUE #01-01, S(310260)",1.33211277447272,103.857378073376,True
340,340,S02210X000,GIANT EXPRESS,COLD STORAGE SINGAPORE (1983) PTE LTD,"631 BEDOK RESERVOIR ROAD #01-954, S(470631)",1.33295873271663,103.914941831215,True
341,341,S91085V000,FAIRPRICE,NTUC FAIRPRICE CO-OPERATIVE LTD,"110 LENGKONG TIGA #01-233/5, S(410110)",1.3239768755418,103.91068964878,True
342,342,S93171X000,ang mo,ANG MO SUPERMARKET PTE LTD,"642 HOUGANG AVENUE 8 #01-197, S(530642)",1.37169878879803,103.879948293051,True
343,343,S94081C000,FAIRPRICE,NTUC FAIRPRICE CO-OPERATIVE LTD,"279 BISHAN STREET 24 #01-62/64, S(570279)",1.35722283090964,103.843785252615,True
344,344,S97079B000,SHENG SIONG SUPERMARKET,SHENG SIONG SUPERMARKET PTE LTD,"4 LORONG 7 TOA PAYOH #01-107, S(310004)",1.33904479783226,103.85554106336,True
345,345,S97166P000,COLD STORAGE,COLD STORAGE SINGAPORE (1983) PTE LTD,"21 HOUGANG STREET 51 #01-52, HOUGANG GREEN SHOPPING MALL S(538719)",1.37931783499145,103.88784708944,True
346,346,S98084K000,FAIRPRICE,NTUC FAIRPRICE CO-OPERATIVE LTD,"734 PASIR RIS STREET 72 #01-37, (PASIR RIS 734 NEW MARKET) S(510734)",1.37969802061042,103.936270775161,True
347,347,SCE19004X000,MURUGAN TRADERS,MURUGAN TRADERS PTE. LTD.,"88 DESKER ROAD, S(209610)",1.30849533074696,103.85574632461,True
348,348,SCE19007L000,HAO MART,HAO MART PTE. LTD.,"13 STAMFORD ROAD #B2-13,#B2-14,#B2-15,#B2-16,#B2-17,#B2-18,#B2-19,#B2-20,#B2-21, CAPITOL PIAZZA S(178905)",1.29307884763132,103.851261982149,True
349,349,SCE19016K000,The Iron Grocer,THE IRON GROCER PTE. LTD.,"225 LAVENDER STREET, (FIRST STOREY) S(338776) (FIRST STOREY)",1.31474015468409,103.859504689114,True
350,350,SCE19018E000,The Gourmet Pantry,"American Club, The","10 CLAYMORE HILL, AMERICAN CLUB S(229573)",1.30834380578061,103.83263001321,True
351,351,SCE19020X000,Jasons Deli By Cold Storage,COLD STORAGE SINGAPORE (1983) PTE LTD,"2 ORCHARD TURN #B4-01, ION ORCHARD S(238801)",1.30399286856099,103.831988903795,True
352,352,SCE20024E000,Ryan's Grocery,RYAN'S GROCERY (GWC) PTE. LTD.,"1 KIM SENG PROMENADE #B1-144,#B1-145, GREAT WORLD CITY S(237994)",1.2934759620704,103.831975865363,True
353,353,SCE20032E000,FAIRPRICE,NTUC FAIRPRICE CO-OPERATIVE LTD,"2 SERANGOON ROAD #B1-06,#B1-07,#B1-08,#B1-09, TEKKA PLACE S(218227)",1.30512222179237,103.851438822181,True
354,354,SCE20035A000,Mmmm!,WATER TIGER TRADING PTE. LTD.,"238 THOMSON ROAD #01-79/80, NOVENA SQUARE S(307683)",1.31996748439185,103.843850630993,True
355,355,SCE20042B000,FORTUNE SUPERMARKET,FORTUNE SUPERMARKET PTE. LTD.,"233 LORONG 8 TOA PAYOH #01-260, TOA PAYOH EIGHT S(310233)",1.33828365922679,103.858467966719,True
356,356,SCE20053X000,PANDANOW,DELIVERY HERO STORES (SINGAPORE) PTE. LTD.,"265/267 OUTRAM ROAD, (265/267 OUTRAM ROAD) S(169059) (PART-OF)",1.2852701202985,103.834567181699,True
357,357,SCE20058J000,PRIME SUPERMARKET,PRIME SUPERMARKET (1996) PTE LTD,"106 BIDADARI PARK DRIVE #01-06, S(340106)",1.33369947750043,103.870796085779,True
358,358,SCE20059E000,SHENG SIONG SUPERMARKET,SHENG SIONG SUPERMARKET PTE LTD,"455 SENGKANG WEST AVENUE #01-16, S(790455)",1.39183688254074,103.871190376558,True
359,359,SCE20061X000,AIM,HAO MART PTE. LTD.,"90 BRAS BASAH ROAD #B1-13,#B1-13A,#B1-14,#B1-14A,#B1-15,#B1-15A,#B1-16,#B1-16A,#B1-17,#B1-17A, ESPLANADE MRT STATION S(189562)",1.29340307188861,103.854463360145,True
360,360,SCE20063N000,FAIRPRICE FINEST,NTUC FAIRPRICE CO-OPERATIVE LTD,"12 ALEXANDRA VIEW #01-18, ARTRA S(158736)",1.29012765494819,103.816552347869,True
361,361,SCE20072L000,Big Harvest Supermarket,BIG HARVEST SUPERMARKET PTE. LTD.,"279 BALESTIER ROAD #01-06, BALESTIER POINT S(329727)",1.32269359217429,103.852094030171,True
362,362,SCE20083E000,BOOTLE'S,BOOTLE'S PTE. LTD.,"733 HAVELOCK ROAD #01-00, S(169651) (735 & 737)",1.28933450823794,103.827590181043,True
363,363,SCE20090J000,CHOROK MARKET,CHOROK MARKET PTE. LTD.,"277 ORCHARD ROAD #B1-05, ORCHARD GATEWAY S(238858)",1.30048912114759,103.839325098624,True
364,364,SCE20097P000,FAMILY NEEDS,FAMILY NEEDS  CITYGATE PTE. LTD.,"371 BEACH ROAD #01-06,#01-07, CITY GATE S(199597)",1.30231590504573,103.862331661034,True
365,365,SCE20100P000,CHINESE INTERNATIONAL COMMODITY CITY,CHINESE INTERNATIONAL COMMODITY CITY PTE. LTD.,"1 PARK ROAD #04-63,#05-01, PEOPLE'S PARK COMPLEX S(059108)",1.28404487854559,103.842590753293,True
366,366,SCE20103K000,Meidi-Ya Supermarket,MEIDI-YA SINGAPORE CO (PTE) LTD,"9 RAFFLES BOULEVARD #02-26/36, MILLENIA WALK S(039596)",1.29260544462492,103.859724944443,True
367,367,SCE20105E000,Our Boss,OURBOSS PTE. LTD.,"19 SHELFORD ROAD #01-53, S(288408)",1.32686143130016,103.812305598569,True
368,368,SCE20118X000,-,TAM KAH SHARK'S FIN PTE. LTD.,"28 JALAN KELULUT, SELETAR HILLS ESTATE S(809045)",1.3834407291726,103.875489703255,True
369,369,SCE20119P000,Green Olive Group,GREEN OLIVE GROUP PTE. LTD.,"1 PARK ROAD #02-70, PEOPLE'S PARK COMPLEX S(059108)",1.28404487854559,103.842590753293,True
370,370,SCE21010K000,MB Supermart,MUOI MUOI TRADING,"3 ST. GEORGE'S ROAD #01-113, ST GEORGE'S WEST GARDENS S(320003)",1.3225873518737,103.861107276991,True
371,371,SCE21013C000,Atas Palate,ATAS PALATE PRIVATE LIMITED,"138 ROBINSON ROAD #03-10, OXLEY TOWER S(068906)",1.27870608494088,103.848418970551,True
372,372,SCE21019N000,JAPANHOLIC,JAPANHOLIC PTE. LTD.,"138 ROBINSON ROAD #02-36, OXLEY TOWER S(068906)",1.27870608494088,103.848418970551,True
373,373,SCE21023A000,MEATMAN,GROCER@EMPRESS PTE. LTD.,"17 JASMINE ROAD, ADELPHI PARK ESTATE S(576585) (1st Storey)",1.35511675331775,103.830147972899,True
374,374,SCE21026P000,Maturo,MATURO PTE. LTD.,"371 BEACH ROAD #B1-17, CITY GATE S(199597)",1.30231590504573,103.862331661034,True
375,375,SCE21033X000,Sol Mart,SOL MART PTE. LTD.,"10 SINARAN DRIVE #03-06,#03-07,#03-08, SQUARE 2 S(307506)",1.32044103104797,103.844192628979,True
376,376,SCE21048C000,SANKRANTI FRESH,CALIBER ESSENTIALS PTE. LTD.,"80 SYED ALWI ROAD #01-01, S(207659)",1.308907388657,103.856134843824,True
377,377,SCE21051N000,DON DON DONKI,PAN PACIFIC RETAIL MANAGEMENT (SINGAPORE) PTE. LTD.,"3 TEMASEK BOULEVARD #02-380,#02-381,#02-382,#02-383,#02-384,#02-385,#02-386,#02-387,#02-379, SUNTEC CITY MALL S(038983)",1.29487905002429,103.857675494346,True
378,378,SE04012L000,FAIRPRICE,NTUC FAIRPRICE CO-OPERATIVE LTD,"2 JOO CHIAT ROAD #01-1139, JOO CHIAT COMPLEX S(420002)",1.31552186936095,103.898992245034,True
379,379,SE04040C000,PRIME SUPERMARKET,PRIME SUPERMARKET LIMITED,"1 UPPER ALJUNIED LANE #01-01, S(360001)",1.33429242274696,103.878791059137,True
380,380,SE04069A000,SHENG SIONG SUPERMARKET,SHENG SIONG SUPERMARKET PTE LTD,"209 NEW UPPER CHANGI ROAD #01-631, S(460209)",1.32464544711794,103.931111525301,True
381,381,SE04109X000,MCP FAIRMART,MCP FAIRMART PTE. LTD.,"89 BEDOK NORTH STREET 4 #01-107, S(460089)",1.33295683726302,103.938220862136,True
382,382,SE04130B000,FAIRPRICE,NTUC FAIRPRICE CO-OPERATIVE LTD,"41 JALAN TIGA #01-05, S(390041)",1.30780796198663,103.884767622977,True
383,383,SE05117K000,FAIRPRICE,TEO BOBBY,"253 SERANGOON CENTRAL DRIVE #01-241, S(550253)",1.35368269478836,103.870913317584,True
384,384,SE06112L000,HAO MART,HAO MART PTE. LTD.,"15 SIGLAP ROAD #01-01, MANDARIN GARDENS S(448912)",1.30706075671037,103.9237697621,True
385,385,SE06125B000,HAO MART,HAO MART PTE. LTD.,"54 BAYSHORE ROAD #01-07-08, BAYSHORE PARK S(469979)",1.31179544227276,103.936894506125,True
386,386,SE06465L000,sing hiong market bakery,TAN PAK NANG,"387 UPPER ALJUNIED ROAD, S(367872)",1.33312324236673,103.878841894011,True
387,387,SE06616X000,Hoe Kee Huat Supermarket,LIN POH LING,"212 LORONG 8 TOA PAYOH #01-43/45, S(310212)",1.34065219732116,103.854334496927,True
388,388,SE07216L000,COLD STORAGE,COLD STORAGE SINGAPORE (1983) PTE LTD,"5 STADIUM WALK #B1-01, LEISURE PARK S(397693)",1.30230108377856,103.876473975339,True
389,389,SE07559P000,FAIRPRICE,NTUC FAIRPRICE CO-OPERATIVE LTD,"65 AIRPORT BOULEVARD #B2-10, CHANGI AIRPORT TERMINAL 3 S(819663)",1.35556855805419,103.985852088983,True
390,390,SE09608P000,COLD STORAGE,COLD STORAGE SINGAPORE (1983) PTE LTD,"56 MARINE TERRACE #01-259, S(440056)",1.30560569433107,103.91537607851,True
391,391,SE09706N000,-,NTUC FAIRPRICE CO-OPERATIVE LTD,"5 EUNOS CRESCENT #01-2619, S(400005)",1.32118979057455,103.903266270232,True
392,392,SE10564B000,FAIRPRICE XTRA,NTUC FAIRPRICE CO-OPERATIVE LTD,"23 SERANGOON CENTRAL #03-42, NEX S(556083)",1.35076935257845,103.872296143862,True
393,393,SE10579K000,COLD STORAGE,COLD STORAGE SINGAPORE (1983) PTE LTD,"23 SERANGOON CENTRAL #B2-44/45, NEX S(556083)",1.35076935257845,103.872296143862,True
394,394,SE11071C000,FAIRPRICE,NTUC FAIRPRICE CO-OPERATIVE LTD,"89 BEDOK NORTH STREET 4 #01-77/79, S(460089)",1.33295683726302,103.938220862136,True
395,395,SE11136C000,I-TEC SUPERMART,I-TEC SUPERMART PTE LTD,"498/500 GEYLANG ROAD, GREEN COURT S(389456)",1.313289737192,103.885153835516,True
396,396,SE11317V000,EN FROZEN,EN FROZEN PTE. LTD.,"1 GEYLANG SERAI #01-198, S(402001)",1.31673634930331,103.898227885022,True
397,397,SE11505P000,COLD STORAGE,COLD STORAGE SINGAPORE (1983) PTE LTD,"291 JOO CHIAT ROAD #01-01, S(427543)",1.3098709702541,103.902354993065,True
398,398,SE11577E000,FAIRPRICE,NTUC FAIRPRICE CO-OPERATIVE LTD,"612-620 GEYLANG ROAD, S(389551)",1.31415001272084,103.888544866086,True
399,399,SE11799C000,ULTRAMART,CP MANAGEMENT SERVICES PRIVATE LIMITED,"80 TANAH MERAH COAST ROAD #01-02, CHANGI LODGE 2 S(498820)",1.32736602101872,104.004244172964,True
400,400,SE11947P000,FAIRPRICE FINEST,NTUC FAIRPRICE CO-OPERATIVE LTD,"5 CHANGI BUSINESS PARK CENTRAL 1 #B1-08/11, CHANGI CITY POINT S(486038)",1.3343251596936,103.962389299537,True
401,401,SE11D22K000,Mmmm!,WATER TIGER INVESTMENTS PTE. LTD.,"5 CHANGI BUSINESS PARK CENTRAL 1 #B1-23, CHANGI CITY POINT S(486038)",1.3343251596936,103.962389299537,True
402,402,SE12D97J000,New Zealand Fresh,NEW ZEALAND FRESH PTE. LTD.,"201 TELOK KURAU ROAD #01-05, S(423910)",1.31212247482399,103.911185983674,True
403,403,SE12F88V000,SARATHI STORE,SARATHI STORES PTE. LTD.,"91 UPPER PAYA LEBAR ROAD, S(534821)",1.33748492906751,103.887004163685,True
404,404,SE12G19X000,FAIRPRICE,NTUC FAIRPRICE CO-OPERATIVE LTD,"8 CHANGI BUSINESS PARK AVENUE 1, UE BIZHUB EAST S(486018) #01-51 & #02-51",1.33482754707221,103.963943942215,True
405,405,SE13135L000,FAIRPRICE,NTUC FAIRPRICE CO-OPERATIVE LTD,"311 NEW UPPER CHANGI ROAD #B2-60, BEDOK MALL S(467360)",1.3247936058839,103.929360375114,True
406,406,SE13S71X000,FAIRPRICE,NTUC FAIRPRICE CO-OPERATIVE LTD,"57 NEW UPPER CHANGI ROAD #01-1334, S(461057)",1.32425201243512,103.941571885143,True
407,407,SE13S89V000,COLD STORAGE,COLD STORAGE SINGAPORE (1983) PTE LTD,"2 FIRST STREET #01-05-16, SIGLAP V S(458278)",1.31275329709404,103.923657863473,True
408,408,SE13U91V000,FAIRPRICE,NTUC FAIRPRICE CO-OPERATIVE LTD,"30 EAST COAST ROAD #01-06-09, VILLAGE HOTEL KATONG S(428751)",1.30385030375719,103.902850370889,True
409,409,SE14377P000,COLD STORAGE,COLD STORAGE SINGAPORE (1983) PTE LTD,"430 UPPER CHANGI ROAD #01-47, EAST VILLAGE S(487048)",1.3317758150305,103.946201241591,True
410,410,SE14441L000,SHENG SIONG SUPERMARKET,SHENG SIONG SUPERMARKET PTE LTD,"6 POTONG PASIR AVENUE 2 #01-03, POTONG PASIR COMMUNITY CLUB S(358361)",1.33260689636011,103.867166532982,True
411,411,SE14467N000,FAIRPRICE,NTUC FAIRPRICE CO-OPERATIVE LTD,"1 STADIUM PLACE #01-29, KALLANG WAVE MALL S(397628)",1.30307157630397,103.873044700613,True
412,412,SE14775X000,FAIRPRICE,NTUC FAIRPRICE CO-OPERATIVE LTD,"3 SIMEI STREET 6 #05-01, EASTPOINT MALL S(528833)",1.34270618908191,103.953024500209,True
413,413,SE14875L000,HAO MART,HAO MART PTE. LTD.,"11 TANJONG KATONG ROAD #B1-36, KINEX S(437157)",1.31461849889242,103.894738004496,True
414,414,SE14965K000,Meat Collective,MEAT COLLECTIVE SINGAPORE PRIVATE LIMITED,"342 TANJONG KATONG ROAD, S(437112)",1.30373387351391,103.89649832916,True
415,415,SE14A83A000,COLD STORAGE,COLD STORAGE SINGAPORE (1983) PTE LTD,"60 PAYA LEBAR ROAD #B1-01-05, PAYA LEBAR SQUARE S(409051)",1.31881486980278,103.892580778242,True
416,416,SE14C27C000,Zac Butchery,COMMONWEALTH CONCEPTS PTE. LTD.,"1B FIGARO STREET, OPERA ESTATE S(458322)",1.31574937142261,103.925857001244,True
417,417,SE15043B000,FOODIE MARKET PLACE,FOODIE MARKET PLACE PTE. LTD.,"313 TANJONG KATONG ROAD, S(437096)",1.30608655778768,103.896150403005,True
418,418,SE15464L000,ABEDIN MINIMART,ABEDIN TRADING PTE. LTD.,"599 GEYLANG ROAD #01-01, S(389538)",1.31420608181449,103.88669948112,True
419,419,SE16233J000,SHENG SIONG SUPERMARKET,SHENG SIONG SUPERMARKET PTE LTD,"18B CIRCUIT ROAD #01-260, MACPHERSON RESIDENCY S(372018)",1.32918105126141,103.888248441219,True
420,420,SE17082P000,FAIRPRICE,NTUC FAIRPRICE CO-OPERATIVE LTD,"18 TAI SENG STREET #B1-13, S(539775)",1.3363564974866,103.888715773716,True
421,421,SE17345J000,JSJ MINIMART,JSJ CORPORATION PTE. LTD.,"31A TANAH MERAH COAST ROAD #01-01, S(498720)",1.32187768746827,103.987506651389,True
422,422,SE17401C000,TIM'S FROZEN,"TANG KER AN, TIMOTHY","18 BEDOK SOUTH ROAD #01-67, S(460018)",1.32052771476512,103.934764301988,True
423,423,SE17481P000,FAIRPRICE,NTUC FAIRPRICE CO-OPERATIVE LTD,"10 EUNOS ROAD 8 #B1-104,#B1-103,#B1-102,#B1-105,#B1-101, SINGAPORE POST CENTRE S(408600)",1.31883826160863,103.894582338015,True
424,424,SE17500A000,HAO MART,HAO MART PTE. LTD.,"69 BEDOK SOUTH AVENUE 3 #01-484, S(460069)",1.31935026360524,103.943632360195,True
425,425,SE18184V000,HAO MART,HAO MART PTE. LTD.,"448/450 GEYLANG ROAD, S(389407)",1.31317460794729,103.8836465666,True
426,426,SE18544L000,JMD RETAIL,JMD RETAIL PTE. LTD.,"330 TANJONG KATONG ROAD, S(437106)",1.30416447022908,103.896326993346,True
427,427,SE19104A000,FAIRPRICE FINEST,NTUC FAIRPRICE CO-OPERATIVE LTD,"78 AIRPORT BOULEVARD #B2-206,#B2-205,#B2-207,#B2-208, S(819666)",1.35993782064432,103.990002942162,True
428,428,SE19557P000,The Seafood Market Place by Song Fish,SONG FISH DEALER PTE LTD,"10 PAYA LEBAR ROAD #B2-11, S(409057)",1.31756115921,103.892836694432,True
429,429,SE19562A000,FAIRPRICE,NTUC FAIRPRICE CO-OPERATIVE LTD,"10 PAYA LEBAR ROAD #B2-09, S(409057)",1.31756115921,103.892836694432,True
430,430,SNE19006A000,SHENG SIONG SUPERMARKET,SHENG SIONG SUPERMARKET PTE LTD,"602A TAMPINES AVENUE 9 #01-01, S(521602)",1.36113645824177,103.937425593435,True
431,431,SNE19019L000,PRIME SUPERMARKET,PRIME SUPERMARKET (1996) PTE LTD,"322 SUMANG WALK #01-07, MULTI STOREY CAR PARK S(820322)",1.41124703512714,103.897501361265,True
432,432,SNE20031P000,U Stars Supermarket,U STARS SUPERMARKET PTE. LTD.,"829 TAMPINES STREET 81 #01-272,#01-274,#01-276,#01-278, TAMPINES GROVE S(520829)",1.34922100236977,103.934914286623,True
433,433,SNE20033L000,DANISHA TRADING,DANISHA TRADING PTE. LTD.,"476 UPPER SERANGOON VIEW #02-14, HOUGANG CAPEVIEW S(530476)",1.37743006723556,103.903712863793,True
434,434,SNE20045C000,The Foodcellar,CLEMENTS FOODCELLAR PTE. LTD.,"39 LOWLAND ROAD, LOWLAND GARDEN S(547441)",1.36140252859334,103.883163889476,True
435,435,SNE20089B000,Our Boss,OURBOSS PTE. LTD.,"625 ELIAS ROAD #01-330, ELIAS MALL S(510625)",1.37860717882538,103.941916363447,True
436,436,SNE20114L000,REDMAN BY PHOON HUAT,PHOON HUAT PTE. LTD.,"1 PASIR RIS CLOSE #01-101, E!HUB@DOWNTOWN EAST S(519599)",1.37656567661723,103.95522291538,True
437,437,SNE20115K000,PandaMart,DELIVERY HERO STORES (SINGAPORE) PTE. LTD.,"756 UPPER SERANGOON ROAD #01-09,#01-10,#01-11,#01-12,#01-13,#01-14, UPPER SERANGOON SHOPPING CENTRE S(534626)",1.35348082277147,103.878828134896,True
438,438,SNE20117E000,PandaMart,DELIVERY HERO STORES (SINGAPORE) PTE. LTD.,"500 NEW PUNGGOL ROAD #01-03,#01-04,#01-05, THE PUNGGOL SETTLEMENT S(828617)",1.42088392750942,103.912199519838,True
439,439,SNE21004N000,JO MARKET,JO MARKET,"505 TAMPINES CENTRAL 1 #01-333,#01-335, S(520505)",1.3555484823662,103.945616071023,True
440,440,SNE21016E000,DON DON DONKI,PAN PACIFIC RETAIL MANAGEMENT (SINGAPORE) PTE. LTD.,"1 PASIR RIS CLOSE #01-339,#01-347, E!HUB@DOWNTOWN EAST S(519599)",1.37656567661723,103.95522291538,True
441,441,SNE21038P000,Ace Dynamic,ACE DYNAMIC HOLDINGS PTE. LTD.,"151 LORONG CHUAN #01-22, NEW TECH PARK S(556741)",1.35206196118771,103.860698338514,True
442,442,SNE21044V000,PRIME SUPERMARKET,PRIME SUPERMARKET (1996) PTE LTD,"610 TAMPINES NORTH DRIVE 1 #01-11, S(520610)",1.36463646143194,103.937173937407,True
443,443,SNE21047N000,Cut Butchery,CAVENDISH SUPPLIES PTE. LTD.,"1 MAJU AVENUE #B1-06, MYVILLAGE AT SERANGOON GARDEN S(556679)",1.36511490600171,103.86515950117,True
444,444,SNE21057K000,Toko Warisan Halal Frozen,TOKO WARISAN TRADING,"201D TAMPINES STREET 21 #01-1159, S(524201)",1.35226231425316,103.953586491358,True
445,445,SNW19005L000,SHENG SIONG SUPERMARKET,SHENG SIONG SUPERMARKET PTE LTD,"182 WOODLANDS STREET 13 #01-01, MULTI STOREY CAR PARK S(730182)",1.43515895067377,103.776023343198,True
446,446,SNW19010X000,PRIME SUPERMARKET,PRIME SUPERMARKET (1996) PTE LTD,"365 SEMBAWANG CRESCENT #01-01, S(750365)",1.44436832551494,103.816263881257,True
447,447,SNW19021L000,SHENG SIONG SUPERMARKET,SHENG SIONG SUPERMARKET PTE LTD,"202 MARSILING DRIVE #01-138,#01-150, S(730202)",1.44315121142693,103.775164777049,True
448,448,SNW20023C000,ANY MO SUPERMARKET,ANG MO SUPERMARKET PTE LTD,"361 SEMBAWANG CRESCENT #01-10, MULTI STOREY CAR PARK S(750361)",1.44631506781839,103.813936813705,True
449,449,SNW20026V000,SHENG SIONG SUPERMARKET,SHENG SIONG SUPERMARKET PTE LTD,"6 MANDAI LINK, CMM Marketing Management Pte Ltd S(728652)",1.40969393759909,103.756910810773,True
450,450,SNW20038L000,ANG MO SUPERMARKET,ANG MO SUPERMARKET PTE LTD,"693 WOODLANDS AVENUE 6 #01-01, MULTI STOREY CAR PARK S(730693)",1.43808788056635,103.803764959272,True
451,451,SNW20050V000,FAIRPRICE,NTUC FAIRPRICE CO-OPERATIVE LTD,"133 CANBERRA VIEW #B1-03,#B1-04, S(750133)",1.44349544527985,103.830345369213,True
452,452,SNW20055K000,The Seafood Market Place by Song Fish,SONG FISH DEALER PTE LTD,"1 JELEBU ROAD #01-32, BUKIT PANJANG PLAZA S(677743)",1.37988291404114,103.764377765935,True
453,453,SNW20062L000,REDMAN BY PHOON HUAT,PHOON HUAT PTE. LTD.,"1 JELEBU ROAD #01-33/34, BUKIT PANJANG PLAZA S(677743)",1.37988291404114,103.764377765935,True
454,454,SNW20069V000,Meat United,MEAT UNITED PRIVATE LIMITED,"896 DUNEARN ROAD #01-08, LINK@896 S(589472)",1.33667573740597,103.783709151645,True
455,455,SNW20076A000,Neue Mart,NM EK PTE. LTD.,"19 ENG KONG TERRACE, ENG KONG PARK S(598991)",1.3364085024668,103.768270552015,True
456,456,SNW20086X000,THYME TO MEAT,THYME TO MEAT PRIVATE LIMITED,"27 ENG KONG TERRACE, ENG KONG PARK (1st Storey) S(598999)",1.33619242167225,103.768352513623,True
457,457,SNW20106A000,CHENNAI TRADING & SUPERMART,CHENNAI TRADING & SUPERMART PTE. LTD.,"100 SEMBAWANG DRIVE #01-15, COCHRANE RECREATION CENTRE S(756998)",1.46092468732297,103.817179770561,True
458,458,SNW20113B000,NAWAS GLOBAL,NAWAS GLOBAL PTE. LTD.,"18A KRANJI WAY #01-03, KRANJI WAY DORMITORY S(739443)",1.43830097418883,103.745481915822,True
459,459,SNW21002E000,PHOON HUAT,PHOON HUAT PTE. LTD.,"51 YISHUN CENTRAL 1 #01-03, YISHUN 10 CINEMA COMPLEX S(768794)",1.42991718038493,103.836421473445,True
460,460,SNW21008P000,Maison Marie,MAISON MARIE PTE. LTD.,"384 UPPER BUKIT TIMAH ROAD, S(678042) (Half Unit 382)",1.3578110348449,103.768080632959,True
461,461,SNW21020B000,KARAIKUDI MINIMART,SRI IDAIYANKALI PTE. LTD.,"180 WOODLANDS INDUSTRIAL PARK E5 #01-03, WOODLANDS AUTO HUB S(757512)",1.45200129785274,103.79268387285,True
462,462,SSE19017X000,7mall shop,7MALL.SHOP PTE. LTD.,"447 CHANGI ROAD, S(419875)",1.31909317868113,103.912132946824,True
463,463,SSE20034L000,BNM TRADING,BNM TRADING PTE. LTD.,"269 JOO CHIAT ROAD, S(427523)",1.31034574970684,103.901856226132,True
464,464,SSE20037E000,al forno,AL FORNO (EAST COAST) PTE LTD,"693 EAST COAST ROAD, FRANKEL ESTATE S(459058)",1.31190105580921,103.921875613238,True
465,465,SSE20041N000,Ever+,Sun Rui,"184 EAST COAST ROAD #01-, S(428890)",1.30676762440589,103.906559248475,True
466,466,SSE20077L000,GrabMart - Southeast,KITCHEN BY GRABFOOD (SINGAPORE) PTE. LTD.,"160 CHANGI ROAD #01-10, HEXACUBE S(419728)",1.3167232592555,103.902443640278,True
467,467,SSE20087J000,Our Boss,OURBOSS PTE. LTD.,"28 FERNWOOD TERRACE #01-01, S(458556)",1.30944627972031,103.925025756325,True
468,468,SSE20099A000,Bowl & Bowl,BOWLICIOUS PTE. LTD.,"3 IRVING ROAD #01-19, TAI SENG CENTRE S(369522)",1.33579982244774,103.886875022095,True
469,469,SSE21003X000,MR FARMER,MR FARMER,"2 JALAN LOKAM #01-47, KENSINGTON SQUARE S(537846)",1.34560719747232,103.882695128109,True
470,470,SSE21005N000,FAIRPRICE HYPERMART,NTUC FAIRPRICE CO-OPERATIVE LTD,"80 MARINE PARADE ROAD #03-28, PARKWAY PARADE S(449269)",1.30119131468839,103.905113590527,True
471,471,SSE21015K000,The Alaska Guys,THE ALASKA GUYS PTE. LTD.,"32 SIGLAP DRIVE, FRANKEL ESTATE S(456157) (1st storey)",1.31592846399653,103.91968880227,True
472,472,SSE21017E000,LITTLE FARMS,LITTLE FARMS PTE. LTD.,"451 JOO CHIAT ROAD #01-01,#01-03, KATONG POINT S(427664)",1.30691768522493,103.904554568546,True
473,473,SSE21022L000,BLOOPBLOOP MARKET,BLOOPBLOOP MARKET LLP,"26A CHAI CHEE ROAD #01-399, S(461026) PART OF LEFT",1.32367569498072,103.923700930805,True
474,474,SSE21027B000,JINJI FRESH MART,JINJI FRESH MART PTE. LTD.,"676 GEYLANG ROAD, S(389603) (1ST STOREY)",1.31453523761957,103.89039022285,True
475,475,SSE21053V000,Baggie's Deli,BAGGIE'S PTE. LTD.,"236 JOO CHIAT ROAD, S(427493) Level 1",1.311723245498,103.900604772211,True
476,476,SSE21054X000,Aunty's Supermart Trading,AUNTY'S SUPERMART TRADING PTE. LTD.,"58 MARINE TERRACE #01-67, MARINE TERRACE HAVEN S(440058)",1.30611781253448,103.914026029355,True
477,477,SSW19008P000,S Power Supermart,S POWER GLOBAL PTE. LTD.,"18 SUNGEI KADUT STREET 2 #01-05, SUNGEI KADUT INDUSTRIAL ESTATE S(729236)",1.41260803090908,103.747937640796,True
478,478,SSW19009N000,SVS DISTRIBUTION (Level 1),SVS DISTRIBUTION PTE. LTD.,"129 TUAS VIEW SQUARE, WESTLINK TECHPARK S(637741)",1.30117599336633,103.628177329762,True
479,479,SSW19022V000,DON DON DONKI,PAN PACIFIC RETAIL MANAGEMENT (SINGAPORE) PTE. LTD.,"50 JURONG GATEWAY ROAD #2-24,#2-25,#2-26,#3-27, JEM S(608549)",1.3325523295069,103.743262234833,True
480,480,SSW20065P000,FAIRPRICE FINEST,NTUC FAIRPRICE CO-OPERATIVE LTD,"4 BUKIT BATOK STREET 41 #01-91,#01-92, LE QUEST S(657991)",1.35594171176111,103.741127005764,True
481,481,SSW20070A000,REDMAN BY PHOON HUAT,PHOON HUAT PTE. LTD.,"3 GATEWAY DRIVE #B1-23, WESTGATE S(608532)",1.33402529481694,103.742586014944,True
482,482,SSW20071V000,DON DON DONKI,PAN PACIFIC RETAIL MANAGEMENT (SINGAPORE) PTE. LTD.,"1 MARITIME SQUARE #03-23/38, HARBOURFRONT CENTRE S(099253)",1.26408889294438,103.820208766742,True
483,483,SSW20073P000,Frozen Bagus,"TANG KER AN, TIMOTHY","352 CLEMENTI AVENUE 2 #01-137, CLEMENTI AVENUE 2 SHOPPING CENTRE S(120352)",1.31427265951788,103.771360860916,True
484,484,SSW20085J000,the seafood place by chai,CHAI SEAFOOD,"148F PASIR PANJANG ROAD, S(118553)",1.27656491174,103.792125884569,True
485,485,SSW20088B000,123 MART,123 MART PTE. LTD.,"354 CLEMENTI AVENUE 2 #01-233, CLEMENTI AVENUE 2 SHOPPING CENTRE S(120354)",1.3135304106234,103.770859843658,True
486,486,SSW21007E000,HAO MART,HAO MART PTE. LTD.,"4 JALAN MAT JAMBOL #B1-01/11, BIJOU S(119555)",1.27685386351985,103.791742171785,True
487,487,SSW21021K000,KARAIKUDI MINIMART,SRI SEVUGA PERUMAL PTE. LTD.,"48 TOH GUAN ROAD EAST #01-98, ENTERPRISE HUB S(608586)",1.33683097553159,103.754341430783,True
488,488,SSW21031E000,GGM MINIMART,GOWRI'S GLOBAL MARKETING PTE. LTD.,"1A TUAS AVENUE 2 #01-03, S(639467)",1.32160943931496,103.649583557099,True
489,489,SSW21037P000,FAIRPRICE,NTUC FAIRPRICE CO-OPERATIVE LTD,"533 CHOA CHU KANG STREET 51 #01-01, LIMBANG SHOPPING CENTRE S(680533)",1.3920738867617,103.743099573442,True
490,490,SW04097K000,PRIME SUPERMARKET,PRIME SUPERMARKET LIMITED,"159 BUKIT BATOK STREET 11 #01-178, S(650159)",1.34857537707331,103.742708640493,True
491,491,SW04158X000,FAIRPRICE,NTUC FAIRPRICE CO-OPERATIVE LTD,"108 DEPOT ROAD #01-01, DEPOT HEIGHTS SHOPPING CENTRE S(100108)",1.28096680702384,103.810298189643,True
492,492,SW05008N000,GIANT,COLD STORAGE SINGAPORE (1983) PTE LTD,"638 JURONG WEST STREET 61 #03-01, PIONEER MALL S(640638)",1.34174316145003,103.697286174545,True
493,493,SW05051J000,SHENG SIONG SUPERMARKET,SHENG SIONG SUPERMARKET PTE LTD,"720 CLEMENTI WEST STREET 2 #01-144, S(120720)",1.30246408847832,103.763750972451,True
494,494,SW06002X000,TOH GUAN MINIMART,TOH GUAN MINI MART PTE. LTD.,"19 TOH GUAN ROAD EAST #01-65, S(608568)",1.33833282914969,103.753535227945,True
495,495,SW06322N000,-,Oh Beng Guan,"395A BUKIT BATOK WEST AVENUE 5 #03-10, MULTI STOREY CAR PARK S(651395)",1.36448974299463,103.751987145985,True
496,496,SW06590A000,FAIRPRICE XTRA,NTUC FAIRPRICE CO-OPERATIVE LTD,"1 HARBOURFRONT WALK #01-23,#B1-23, VIVOCITY S(098585)",1.26430476483158,103.822308649643,True
497,497,SW06806E000,LOTTE KOREAN MART,LOTTE MART PTE. LTD.,"17 LORONG KILAT #01-02, KILAT COURT S(598139)",1.34082770311651,103.774215677961,True
498,498,SW07070J000,GIANT,COLD STORAGE SINGAPORE (1983) PTE LTD,"284 BUKIT BATOK EAST AVENUE 3 #01-251, S(650284)",1.34669905221409,103.757276700998,True
499,499,SW07209E000,SHENG SIONG SUPERMARKET,SHENG SIONG SUPERMARKET PTE LTD,"7 JURONG WEST AVENUE 5, S(649486)",1.34878489718303,103.703415655017,True
500,500,SW07331C000,SHENG SIONG SUPERMARKET,SHENG SIONG SUPERMARKET PTE LTD,"352 CLEMENTI AVENUE 2 #01-91&99, S(120352)",1.31427265951788,103.771360860916,True
501,501,SW07481A000,FAIRPRICE,NTUC FAIRPRICE CO-OPERATIVE LTD,"28 DOVER CRESCENT #01-83, MULTI STOREY CAR PARK S(130028)",1.30446092675742,103.781779696748,True
502,502,SW07E27X000,KINGSMART,KINGSMART PTE. LTD.,"30 30 PENJURU PLACE, 01-07, S(608557)",1.31621113527515,103.732527239032,True
503,503,SW08807K000,COLD STORAGE,COLD STORAGE SINGAPORE (1983) PTE LTD,"154 WEST COAST ROAD, WEST COAST PLAZA S(127371) #B1-19",1.30362457527941,103.765858386923,True
504,504,SW08821N000,FAIRPRICE,NTUC FAIRPRICE CO-OPERATIVE LTD,"140 TECK WHYE LANE #01-351, S(680140)",1.38003058296689,103.753118410312,True
505,505,SW08907C000,GOWRIS GLOBAL MARKETING,GOWRI'S GLOBAL MARKETING PTE. LTD.,"555 UPPER JURONG ROAD #01-02, S(638368)",1.32882041921836,103.677161735755,True
506,506,SW08A55C000,CHD @ SOON LEE,CHD @ SOON LEE PTE. LTD.,"51 SOON LEE ROAD #01-51A, S(628088)",1.33212291013902,103.699070261789,True
507,507,SW08A59X000,FAIRPRICE,NTUC FAIRPRICE CO-OPERATIVE LTD,"63 JURONG WEST CENTRAL 3, JURONG POINT SHOPPING CENTRE S(648331) #03-01",1.33931503949907,103.705351000543,True
508,508,SW09032C000,FAIRPRICE,NTUC FAIRPRICE CO-OPERATIVE LTD,"21 CHOA CHU KANG NORTH 6 #B1-01-07, YEW TEE POINT S(689578)",1.39705741516141,103.746662121143,True
509,509,SW09133X000,LOCH GROCER,LOCH GROCER PTE. LTD.,"503 JURONG WEST AVENUE 1 #01-847, S(640503)",1.34995541024281,103.717704811514,True
510,510,SW09285K000,FAIRPRICE FINEST,NTUC FAIRPRICE CO-OPERATIVE LTD,"61 CHOA CHU KANG DRIVE #01-01, YEW TEE MRT STATION S(689715)",1.39747594171731,103.747418249132,True
511,511,SW09288C000,SADIA SUPERMARKET & TRADING,SADIA SUPERMARKET & TRADING (S) PTE. LTD.,"14 TECH PARK CRESCENT #01-02, S(638118)",1.3106942813709,103.630190012756,True
512,512,SW09426V000,phang nee,PHANG NEE ENTERPRISE PTE. LTD.,"2D JALAN PAPAN #01-04, S(619415)",1.32124572258872,103.729969760603,True
513,513,SW09752V000,-,LAMIAH ENTERPRISE PTE. LTD.,"5 TECH PARK CRESCENT #01-02, S(638127)",1.31146788847722,103.630340020449,True
514,514,SW10780J000,SHARBESUWARY EXPRESS MART,SHARBESUWARY PTE. LTD.,"32 TUAS VIEW SQUARE #01-02, S(637778)",1.29865806391236,103.62808808355,True
515,515,SW10A16E000,FAIRPRICE FINEST,NTUC FAIRPRICE CO-OPERATIVE LTD,"3155 COMMONWEALTH AVENUE WEST, THE CLEMENTI MALL S(129588) #B1-12/13/14",1.31513319522543,103.764726054591,True
516,516,SW11146X000,YS LOGISTICS (S),YS LOGISTICS (S) PTE. LTD.,"15 JALAN TEPONG #03-02, JURONG FOOD HUB S(619336) (PART OF - LEFT SUB-UNIT),",1.30873854530926,103.722355914825,True
517,517,SW11423N000,SHENG SIONG SUPERMARKET,SHENG SIONG SUPERMARKET PTE LTD,"18 TECK WHYE LANE #01-95, S(680018)",1.37829768797221,103.754071398872,True
518,518,SW11452C000,FAIRPRICE,NTUC FAIRPRICE CO-OPERATIVE LTD,"78A TELOK BLANGAH STREET 32 #01-01, MULTI STOREY CAR PARK S(101078)",1.27338751489362,103.808980553946,True
519,519,SW11512N000,KOLEE SUPERMARKETS,KEK HONG HENG,"23 PENJURU WALK #03-81, CASSIA@PENJURU S(608537)",1.31800980644852,103.73194890136,True
520,520,SW11A26P000,FAIRPRICE,NTUC FAIRPRICE CO-OPERATIVE LTD,"460 ALEXANDRA ROAD, MTOWER S(119963) #01-09 & #01-16",1.27398639988204,103.801264139551,True
521,521,SW12C98J000,DON DON DONKI,PAN PACIFIC RETAIL MANAGEMENT (SINGAPORE) PTE. LTD.,"2 JURONG EAST CENTRAL 1 #B1-12, JCUBE S(609731)",1.33331604792774,103.740210020296,True
522,522,SW12F58E000,FAIRPRICE,NTUC FAIRPRICE CO-OPERATIVE LTD,"352 CLEMENTI AVENUE 2 #01-141, CLEMENTI AVENUE 2 SHOPPING CENTRE S(120352)",1.31427265951788,103.771360860916,True
523,523,SW12G70J000,COLD STORAGE,COLD STORAGE SINGAPORE (1983) PTE LTD,"101 CLEMENTI ROAD #01-01, KENT VALE ESTATE, NUS S(129787)",1.30176049506481,103.769371057337,True
524,524,SW12G71E000,COLD STORAGE,COLD STORAGE SINGAPORE (1983) PTE LTD,"1 COVE AVENUE, SENTOSA COVE ARRIVAL PLAZA S(098537) #02-07/08/09/10",1.24694068557266,103.839986098204,True
525,525,SW12H20A000,FAIRPRICE,NTUC FAIRPRICE CO-OPERATIVE LTD,"498 JURONG WEST STREET 41, #01-434/436/438 S(640498) #01-434/436/438",1.34833335733135,103.724307317877,True
526,526,SW12J94X000,J MART,TANESEI TRADING PTE. LTD.,"1 VISTA EXCHANGE GREEN #B1-28, THE STAR VISTA S(138617)",1.30695082420353,103.788287276561,True
527,527,SW12J97L000,COLD STORAGE,COLD STORAGE SINGAPORE (1983) PTE LTD,"1 VISTA EXCHANGE GREEN, THE STAR VISTA S(138617) #B1-35/36 AND 02",1.30695082420353,103.788287276561,True
528,528,SW12L48X000,AJMAL TRADE MART,AJMAL TRADE MART PTE. LTD.,"12 KRANJI ROAD, KRANJI LODGE ONE S(739522) 1ST STOREY",1.43201730301544,103.759866941613,True
529,529,SW12M64L000,SHENG SIONG SUPERMARKET,SHENG SIONG SUPERMARKET PTE LTD,"25 GHIM MOH LINK #01-11, S(270025)",1.30811886342473,103.786049384646,True
530,530,SW12M67E000,SHENG SIONG SUPERMARKET,SHENG SIONG SUPERMARKET PTE LTD,"420A CLEMENTI AVENUE 1 #01-01, S(121420)",1.30973331229192,103.76863729776,True
531,531,SW12N25V000,COLD STORAGE,COLD STORAGE SINGAPORE (1983) PTE LTD,"31 OCEAN WAY #01-26/27, QUAYSIDE ISLE, SENTOSA S(098375)",1.24706997908317,103.842182970325,True
532,532,SW12O05A000,FAIRPRICE,NTUC FAIRPRICE CO-OPERATIVE LTD,"502 WEST COAST DRIVE #01-41, S(120502)",1.31190696353507,103.759128011868,True
533,533,SW13245V000,FAIRPRICE,NTUC FAIRPRICE CO-OPERATIVE LTD,"1 LOWER KENT RIDGE ROAD #02-16, ONE@KENTRIDGE S(119082)",1.29351287719231,103.784685581372,True
534,534,SW13Q24X000,FAIRPRICE,NTUC FAIRPRICE CO-OPERATIVE LTD,"280 BUKIT BATOK EAST AVENUE 3 #01-315, S(650280)",1.34762239826035,103.757150072517,True
535,535,SW13T12J000,FAIRPRICE XTRA,NTUC FAIRPRICE CO-OPERATIVE LTD,"50 JURONG GATEWAY ROAD #B1-21/22, JEM S(608549)",1.3325523295069,103.743262234833,True
536,536,SW13W88P000,HAO MART,HAO MART PTE. LTD.,"3 GATEWAY DRIVE #B2-01, WESTGATE S(608532)",1.33402529481694,103.742586014944,True
537,537,SW14017K000,SHAFEN SUPERMARKET & TRADING,SHAFEN SUPERMARKET & TRADING (S) PTE. LTD.,"18 TOH GUAN ROAD EAST #02-02, BLK 28, WESTLITE DORMITORY (TOH GUAN) S(608596)",1.33649931598315,103.751872040825,True
538,538,SW14484J000,SRI MURUGAN TRADING,SRI MURUGAN TRADING PTE. LTD.,"48 TOH GUAN ROAD EAST #01-130, ENTERPRISE HUB S(608586)",1.33683097553159,103.754341430783,True
539,539,SW14542A000,HILLVIEW MARKET PLACE,COLD STORAGE SINGAPORE (1983) PTE LTD,"4 HILLVIEW RISE #02-07, HILLV2 S(667979)",1.36267450828024,103.76417292006,True
540,540,SW14633X000,FAIRPRICE,NTUC FAIRPRICE CO-OPERATIVE LTD,"2 BUKIT BATOK WEST AVENUE 7 #01-10, HomeTeamNS BUKIT BATOK CLUBHOUSE S(659003)",1.36577391240463,103.748520902563,True
541,541,SW14718K000,AJMAL SUPERMART,AJMAL SUPER MART PTE. LTD.,"70 TUAS SOUTH AVENUE 1 #01-40, TUAS VIEW DORMITORY S(637285)",1.31409942872378,103.625894546863,True
542,542,SW14824J000,shinva agro foods,SHINVA AGRO FOODS PTE. LTD.,"11 TECH PARK CRESCENT #01-03, S(638121)",1.31100240690691,103.631572303038,True
543,543,SW14951X000,WAREHOUSE CLUB,NTUC FAIRPRICE CO-OPERATIVE LTD,"1 JOO KOON CIRCLE #03-21, FAIRPRICE HUB S(629117)",1.32561764102293,103.678410551563,True
544,544,SW14A33P000,VINAYAK TRADERS,VINAYAK TRADERS PTE. LTD.,"27 PENJURU WALK #01-08/09, PENJURU RECREATION CENTRE S(608538)",1.31865728379443,103.733152140767,True
545,545,SW14A98C000,Gurus Supermarket,GURU'S MARKETING PTE. LTD.,"27 PENJURU WALK #01-15, PENJURU RECREATION CENTRE S(608538)",1.31865728379443,103.733152140767,True
546,546,SW15051V000,archana,ARCHANA PROVISION STORES PTE. LTD.,"27 PENJURU WALK #01-06/07, PENJURU RECREATION CENTRE S(608538)",1.31865728379443,103.733152140767,True
547,547,SW15681P000,NSP SUPER MART,NPS IMPEX PTE. LTD.,"21 TUAS VIEW SQUARE, (PART OF) S(637640) (PART OF)",1.29891712474996,103.627532390173,True
548,548,SW15796X000,FAIRPRICE,NTUC FAIRPRICE CO-OPERATIVE LTD,"533 CHOA CHU KANG STREET 51 #01-11, LIMBANG SHOPPING CENTRE (HDB) S(680533)",1.3920738867617,103.743099573442,True
549,549,SW15968N000,FAIRPRICE,NTUC FAIRPRICE CO-OPERATIVE LTD,"37 TEBAN GARDENS ROAD, #01-304/305/306 S(600037) #01-304/305/306",1.32052026841644,103.742651512921,True
550,550,SW15D03B000,PRIME SUPERMARKET,PRIME SUPERMARKET (1996) PTE LTD,"50 NANYANG AVENUE #NS3-01-27,#NS3-01-28,#NS3-01-26, NORTH SPINE , NTU S(639798)",1.34421841586272,103.680152218583,True
551,551,SW16126J000,TUAS SOUTH MINIMART,TUAS SOUTH MINIMART PTE. LTD.,"6 TUAS SOUTH STREET 15 #01-102,#01-109,#01-110,#01-111, CDPL (TUAS) DORMITORY S(636906)",1.27269381942258,103.637262607502,True
552,552,SW16224E000,NAWAS GLOBAL,NAWAS GLOBAL PTE. LTD.,"3 TUAS SOUTH STREET 12 #01-16, TUAS SOUTH DORMITORY S(636947)",1.27164225840049,103.63351227878,True
553,553,SW16735N000,-,GURU'S MARKETING PTE. LTD.,"1 JALAN PAPAN #01-32,#01-31, S(619392)",1.32110826353586,103.72732504563,True
554,554,SW16814X000,VINAYAK TRADERS,VINAYAK TRADERS PTE. LTD.,"1 JALAN PAPAN #01-33,#01-34, S(619392)",1.32110826353586,103.72732504563,True
555,555,SW16815P000,-,PHAN NEE INVESTMENTS (S) PTE. LTD.,"500 OLD CHOA CHU KANG ROAD #01-02, S(698928)",1.37193281298228,103.720857409391,True
556,556,SW16901A000,SADIA SUPERMARKET & TRADING,SADIA SUPERMARKET & TRADING (S) PTE. LTD.,"12 TUAS SOUTH STREET 13 #01-20/21, S(636937)",1.27030977810151,103.634163905611,True
557,557,SW16921N000,CHENNAI TRADING & SUPERMARKET,CHENNAI TRADING & SUPERMART PTE. LTD.,"1 JALAN PAPAN #01-35,#01-36, S(619392)",1.32110826353586,103.72732504563,True
558,558,SW16942C000,POPULAR SUPERMARKET,POPULAR SUPERMARKET PTE. LTD.,"12 TUAS SOUTH STREET 13 #01-18/19, S(636937)",1.27030977810151,103.634163905611,True
559,559,SW16B52K000,AJMAL TRADING GROUP,AJMAL  TRADING GROUP PTE. LTD.,"5 JALAN PAPAN #01-32, ASPRI-WESTLITE PAPAN S(619396)",1.32207201524401,103.727545771811,True
560,560,SW16D52V000,U Stars Supermarket,U STARS PTE. LTD.,"810 CHOA CHU KANG AVENUE 7 #01-01, MULTI STOREY CAR PARK S(680810)",1.3740546176425,103.746160942106,True
561,561,SW16D83E000,FAIRPRICE SHOP,NTUC FAIRPRICE CO-OPERATIVE LTD,"249 JURONG EAST STREET 24 #01-106, S(600249)",1.3425624237397,103.739259690913,True
562,562,SW16E98J000,PHANNEE SUPERMART,PHAN NEE INVESTMENTS (S) PTE. LTD.,"500 OLD CHOA CHU KANG ROAD #01-21, S(698924)",1.37761084648511,103.718403750945,True
563,563,SW16H70N000,MALAR MARKETING,MALAR MARKETING PTE. LTD.,"69 TUAS SOUTH AVENUE 1 #01-02, SEATOWN INDUSTRIAL CENTRE S(637589)",1.31335079454993,103.627473853217,True
564,564,SW17592A000,The Seafood Market Place by Song Fish,SONG FISH DEALER PTE LTD,"50 JURONG GATEWAY ROAD #B1-43,#B1-44, JEM S(608549)",1.3325523295069,103.743262234833,True
565,565,SW17728C000,U STARS MEGAMART,U STARS PTE. LTD.,"817 KEAT HONG LINK #01-14, MULTI STOREY CAR PARK S(680817)",1.37754385007462,103.749700036701,True
566,566,SW17E56V000,COLD STORAGE,COLD STORAGE SINGAPORE (1983) PTE LTD,"1 FUSIONOPOLIS WAY #B2-03, CONNEXIS S(138632)",1.29943736719293,103.787576666868,True
567,567,SW18581V000,THE QUALITYMART DEPOT,THE QUALITYMART DEPOT PTE. LTD.,"180 DEPOT ROAD #01-04, INTERLACE, THE S(109684)",1.28220135422008,103.803023756097,True
568,568,SW18715E000,SEOUL BUTCHERY,SEOUL BUTCHERY PTE. LTD.,"13 YUK TONG AVENUE, CHUN TIN COURT S(596318)",1.34207496392367,103.774632794309,True
569,569,SW18A30L000,SHENG SIONG SUPERMARKET,SHENG SIONG SUPERMARKET PTE LTD,"440 BUKIT BATOK WEST AVENUE 8 #01-10, MULTI STOREY CAR PARK S(650440)",1.35572308109486,103.739303105372,True
570,570,SW18A40J000,GIANT EXPRESS,COLD STORAGE SINGAPORE (1983) PTE LTD,"35 STUDENTS WALK, NTU CANTEEN 2 S(639548)",1.34842266576961,103.685434201207,True
571,571,SW18B79P000,-,MURUGAN TRADERS PTE. LTD.,"9 TRACTOR ROAD, S(627970)",1.32447647411575,103.705852113344,True
572,572,SW18F69X000,SHENG SIONG SUPERMARKET,SHENG SIONG SUPERMARKET PTE LTD,"451 BUKIT BATOK WEST AVENUE 6 #01-10, MULTI STOREY CAR PARK S(650451)",1.35303717968525,103.743942567711,True
573,573,SW19707V000,BALU SUPERMARKET,BALU SUPER MARKET PTE. LTD.,"14 TUAS AVENUE 1 #01-01, JTC SPACE @ TUAS S(639499)",1.32148166449156,103.660952805443,True
574,574,SW19869J000,SHENG SIONG SUPERMARKET,SHENG SIONG SUPERMARKET PTE LTD,"292 BUKIT BATOK EAST AVENUE 6 #01-02, MULTI STOREY CAR PARK S(650292)",1.34447136304156,103.755394615486,True
575,575,SW19934B000,The Seafood Market Place by Song Fish,SONG FISH DEALER PTE LTD,"1 HARBOURFRONT WALK #B2-23A, VIVO CITY S(098585)",1.26430476483158,103.822308649643,True
576,576,SW19A15B000,NIHI MINI MART,NIHI PTE. LTD.,"8 TECH PARK CRESCENT #01-00, S(638124)",1.31097333406367,103.629405094456,True
577,577,SW19G50C000,LAMIAH MINIMART,LAMIAH ENTERPRISE PTE. LTD.,"40 TUAS VIEW SQUARE #01-03, LANDBASE INDUSTRIAL BUILDING S(637779)",1.30047659570156,103.628812327397,True
578,578,W02065N000,COLD STORAGE,COLD STORAGE SINGAPORE (1983) PTE LTD,"101 THOMSON ROAD #B1-52, UNITED SQUARE S(307591)",1.31719450988559,103.843611443038,True
579,579,W02066L000,COLD STORAGE,COLD STORAGE SINGAPORE (1983) PTE LTD,"211 HOLLAND AVENUE #01-05, HOLLAND ROAD SHOPPING CENTRE S(278967)",1.31025542158588,103.795350441035,True
580,580,W02068J000,COLD STORAGE,COLD STORAGE SINGAPORE (1983) PTE LTD,"1 KIM SENG PROMENADE #B1-139,#B1-140,#B1-141, GREAT WORLD CITY S(237994)",1.2934759620704,103.831975865363,True
581,581,W02070V000,COLD STORAGE,COLD STORAGE SINGAPORE (1983) PTE LTD,"290 ORCHARD ROAD #B1-14/15, THE PARAGON S(238859)",1.30372322368856,103.83524031199,True
582,582,W02071X000,COLD STORAGE,COLD STORAGE SINGAPORE (1983) PTE LTD,"391A ORCHARD ROAD #B2-01, NGEE ANN CITY TOWER A S(238873)",1.30242417189411,103.834676124723,True
583,583,W02072P000,FAIRPRICE,NTUC FAIRPRICE CO-OPERATIVE LTD,"302 TIONG BAHRU ROAD #B1-01, TIONG BAHRU PLAZA S(168732)",1.28644021678218,103.827450721571,True
584,584,W02073N000,COLD STORAGE,COLD STORAGE SINGAPORE (1983) PTE LTD,"163 TANGLIN ROAD #B1-02/03, TANGLIN MALL S(247933)",1.30485342102105,103.823883490852,True
585,585,W02074L000,COLD STORAGE,COLD STORAGE SINGAPORE (1983) PTE LTD,"238 THOMSON ROAD #01-27,#01-28,#01-29,#01-30,#01-82,#01-83, NOVENA SQUARE S(307683)",1.31996748439185,103.843850630993,True
586,586,W02075K000,COLD STORAGE,COLD STORAGE SINGAPORE (1983) PTE LTD,"230 VICTORIA STREET #B1-16, BUGIS JUNCTION S(188024)",1.29981639897451,103.855923558787,True
587,587,W02076J000,fish supplier,HONG HENG SENG,"5 BANDA STREET #03-92, S(050005)",1.28119737026913,103.843437320613,True
588,588,W02078C000,ISETAN,ISETAN (SINGAPORE) LIMITED,"350 ORCHARD ROAD #B1-00, SHAW HOUSE S(238868)",1.30580981580562,103.831507365654,True
589,589,W02080P000,Market Place,COLD STORAGE SINGAPORE (1983) PTE LTD,"252 NORTH BRIDGE ROAD #B1-01, RAFFLES CITY SHOPPING CENTRE S(179103)",1.29376028134073,103.852768324281,True
590,590,W02081N000,thai supermarket,Loh Nyen Yiu,"5001 BEACH ROAD #02-64, GOLDEN MILE COMPLEX S(199588)",1.3027712050447,103.865172134495,True
591,591,W02083K000,FAIRPRICE,NTUC FAIRPRICE CO-OPERATIVE LTD,"166 BUKIT MERAH CENTRAL #01-3527, BUKIT MERAH AREA OFFICE S(150166) 02-3531",1.28311949906492,103.817642868766,True
592,592,W02086C000,FAIRPRICE,NTUC FAIRPRICE CO-OPERATIVE LTD,"50 HAVELOCK ROAD #01-755, S(160050)",1.28977813992267,103.826793758887,True
593,593,W02088A000,COLD STORAGE,COLD STORAGE SINGAPORE (1983) PTE LTD,"68 ORCHARD ROAD #B2-15/16, PLAZA SINGAPURA S(238839)",1.30082071769235,103.845067272938,True
594,594,W02092J000,FAIRPRICE,NTUC FAIRPRICE CO-OPERATIVE LTD,"5 TANJONG PAGAR PLAZA #01-01, S(081005)",1.27624052001347,103.843006115698,True
595,595,W02096A000,COLD STORAGE,COLD STORAGE SINGAPORE (1983) PTE LTD,"81 CLEMENCEAU AVENUE #02-18, S(239917)",1.29216191000465,103.842702921783,True
596,596,W02100V000,-,NG CHAI SENG,"109 BUKIT PURMEI ROAD #01-155, S(090109)",1.27392939929265,103.825310761145,True
597,597,W02140C000,HAO MART,HAO MART PTE. LTD.,"200 TURF CLUB ROAD #01-01, THE GRANDSTAND S(287994)",1.33879673523931,103.793256122847,True
598,598,W02239E000,FAIRPRICE,NTUC FAIRPRICE CO-OPERATIVE LTD,"131 KILLINEY ROAD #01-01,02, ORCHARD GRAND COURT S(239571)",1.29727531417916,103.838533924757,True
599,599,W02332N000,SHENG SIONG SUPERMARKET,SHENG SIONG SUPERMARKET PTE LTD,"52 CHIN SWEE ROAD #01-25, S(160052)",1.28708278284998,103.841580109275,True
600,600,W02430L000,THE FISHWIVES,THE FISHWIVES PTE. LTD.,"501 BUKIT TIMAH ROAD #01-05B, CLUNY COURT S(259760) (PART OF)",1.32257316934913,103.814245542255,True
601,601,W03142N000,Mustafa Singapore,MUSTAFA HOLDINGS PTE LTD,"147 SYED ALWI ROAD, S(207706)",1.30975299910627,103.855701473372,True
602,602,W70029L000,FAIRPRICE,NTUC FAIRPRICE CO-OPERATIVE LTD,"170 STIRLING ROAD #01-1147, S(140170)",1.29091128182876,103.803120797076,True
603,603,W72014K000,GIANT,COLD STORAGE SINGAPORE (1983) PTE LTD,"86 REDHILL CLOSE #01-610, S(150086)",1.2869200622963,103.818673592235,True
604,604,W74072X000,GIANT,COLD STORAGE SINGAPORE (1983) PTE LTD,"8 TELOK BLANGAH CRESCENT #01-171, S(090008)",1.27779539068994,103.819341303524,True
605,605,W89166E000,COLD STORAGE,COLD STORAGE SINGAPORE (1983) PTE LTD,"176 ORCHARD ROAD #B1-09/11, CENTREPOINT SHOPPING COMPLEX S(238843)",1.30145045537088,103.840034074858,True
606,606,W90084A000,FAIRPRICE,NTUC FAIRPRICE CO-OPERATIVE LTD,"133 NEW BRIDGE ROAD #B1-01, CHINATOWN POINT S(059413)",1.28518516098542,103.844942912274,True
